Frame,Timestamp_sec,Predicted Label,Probability
0,0.00,Good,0.5135
1,0.03,Good,0.5677
2,0.07,Good,0.5990
3,0.10,Good,0.5762
4,0.14,Good,0.5504
5,0.17,Good,0.6504
6,0.20,Good,0.5822
7,0.24,Good,0.6050
8,0.27,Good,0.5696
9,0.30,Good,0.5455
10,0.34,Bad,0.3198
11,0.37,Bad,0.3295
12,0.41,Good,0.5662
13,0.44,Bad,0.4664
14,0.47,Good,0.5352
15,0.51,Good,0.6978
16,0.54,Good,0.7026
17,0.57,Good,0.6872
18,0.61,Good,0.7006
19,0.64,Good,0.6910
20,0.68,Good,0.6767
21,0.71,Good,0.6537
22,0.74,Good,0.7121
23,0.78,Good,0.6782
24,0.81,Good,0.7299
25,0.85,Good,0.7265
26,0.88,Good,0.6716
27,0.91,Good,0.7229
28,0.95,Good,0.7432
29,0.98,Good,0.7633
30,1.01,Good,0.7507
31,1.05,Good,0.7915
32,1.08,Good,0.7608
33,1.12,Good,0.7447
34,1.15,Good,0.7896
35,1.18,Good,0.8185
36,1.22,Good,0.7338
37,1.25,Good,0.7192
38,1.28,Good,0.7002
39,1.32,Good,0.5889
40,1.35,Good,0.5710
41,1.39,Good,0.5284
42,1.42,Good,0.5099
43,1.45,Good,0.5800
44,1.49,Good,0.6361
45,1.52,Good,0.6747
46,1.55,Good,0.7223
47,1.59,Good,0.7160
48,1.62,Good,0.6772
49,1.66,Good,0.7091
50,1.69,Good,0.7017
51,1.72,Good,0.7110
52,1.76,Good,0.6187
53,1.79,Good,0.8422
54,1.83,Good,0.8380
55,1.86,Good,0.8281
56,1.89,Good,0.8005
57,1.93,Good,0.7045
58,1.96,Good,0.7971
59,1.99,Good,0.7775
60,2.03,Good,0.8424
61,2.06,Good,0.8454
62,2.10,Good,0.8338
63,2.13,Good,0.8250
64,2.16,Good,0.8467
65,2.20,Good,0.8362
66,2.23,Good,0.8144
67,2.26,Good,0.7558
68,2.30,Good,0.8017
69,2.33,Good,0.8281
70,2.37,Good,0.8920
71,2.40,Good,0.8606
72,2.43,Good,0.9061
73,2.47,Good,0.8609
74,2.50,Good,0.8625
75,2.54,Good,0.8391
76,2.57,Good,0.8068
77,2.60,Good,0.8431
78,2.64,Good,0.8759
79,2.67,Good,0.8790
80,2.70,Good,0.8443
81,2.74,Good,0.8705
82,2.77,Good,0.8728
83,2.81,Good,0.8305
84,2.84,Good,0.8748
85,2.87,Good,0.8950
86,2.91,Good,0.9049
87,2.94,Good,0.8974
88,2.97,Good,0.8673
89,3.01,Good,0.8386
90,3.04,Good,0.8242
91,3.08,Good,0.8638
92,3.11,Good,0.8643
93,3.14,Good,0.8152
94,3.18,Good,0.8496
95,3.21,Good,0.8890
96,3.25,Good,0.9054
97,3.28,Good,0.8831
98,3.31,Good,0.8928
99,3.35,Good,0.8868
100,3.38,Good,0.8810
101,3.41,Good,0.8775
102,3.45,Good,0.8581
103,3.48,Good,0.8560
104,3.52,Good,0.8521
105,3.55,Good,0.7812
106,3.58,Good,0.8036
107,3.62,Good,0.8568
108,3.65,Good,0.8659
109,3.68,Good,0.8352
110,3.72,Good,0.8823
111,3.75,Good,0.8585
112,3.79,Good,0.8762
113,3.82,Good,0.8801
114,3.85,Good,0.8870
115,3.89,Good,0.8686
116,3.92,Good,0.8541
117,3.95,Good,0.8496
118,3.99,Good,0.8702
119,4.02,Good,0.8681
120,4.06,Good,0.8786
121,4.09,Good,0.8469
122,4.12,Good,0.7909
123,4.16,Good,0.8262
124,4.19,Good,0.7906
125,4.23,Good,0.8576
126,4.26,Good,0.8641
127,4.29,Good,0.8575
128,4.33,Good,0.8621
129,4.36,Good,0.8837
130,4.39,Good,0.8718
131,4.43,Good,0.8569
132,4.46,Good,0.8090
133,4.50,Good,0.7748
134,4.53,Good,0.7524
135,4.56,Good,0.7709
136,4.60,Good,0.6140
137,4.63,Good,0.6520
138,4.66,Good,0.7414
139,4.70,Good,0.6336
140,4.73,Good,0.6398
141,4.77,Good,0.6992
142,4.80,Good,0.6297
143,4.83,Good,0.5092
144,4.87,Good,0.5704
145,4.90,Bad,0.4576
146,4.94,Bad,0.4481
147,4.97,Bad,0.3397
148,5.00,Bad,0.3923
149,5.04,Bad,0.4122
150,5.07,Bad,0.2929
151,5.10,Bad,0.2082
152,5.14,Bad,0.2916
153,5.17,Bad,0.4370
154,5.21,Bad,0.3343
155,5.24,Bad,0.3377
156,5.27,Bad,0.1560
157,5.31,Bad,0.1888
158,5.34,Bad,0.1209
159,5.37,Bad,0.1109
160,5.41,Bad,0.0985
161,5.44,Bad,0.0822
162,5.48,Bad,0.0881
163,5.51,Bad,0.1035
164,5.54,Bad,0.1080
165,5.58,Bad,0.2368
166,5.61,Bad,0.1658
167,5.65,Bad,0.0946
168,5.68,Bad,0.0761
169,5.71,Bad,0.0879
170,5.75,Bad,0.0476
171,5.78,Bad,0.0662
172,5.81,Bad,0.0591
173,5.85,Bad,0.0535
174,5.88,Bad,0.0653
175,5.92,Bad,0.0696
176,5.95,Bad,0.0741
177,5.98,Bad,0.0662
178,6.02,Bad,0.0720
179,6.05,Bad,0.0490
180,6.08,Bad,0.0271
181,6.12,Bad,0.0631
182,6.15,Bad,0.0768
183,6.19,Bad,0.0710
184,6.22,Bad,0.0929
185,6.25,Bad,0.1627
186,6.29,Bad,0.0593
187,6.32,Bad,0.0405
188,6.35,Bad,0.0436
189,6.39,Bad,0.0712
190,6.42,Bad,0.0998
191,6.46,Bad,0.0522
192,6.49,Bad,0.0422
193,6.52,Bad,0.0327
194,6.56,Bad,0.0754
195,6.59,Bad,0.0946
196,6.63,Bad,0.1502
197,6.66,Bad,0.0933
198,6.69,Bad,0.1729
199,6.73,Bad,0.0759
200,6.76,Bad,0.0968
201,6.79,Bad,0.0651
202,6.83,Bad,0.0603
203,6.86,Bad,0.0825
204,6.90,Bad,0.0755
205,6.93,Bad,0.1144
206,6.96,Bad,0.2213
207,7.00,Bad,0.2482
208,7.03,Bad,0.2566
209,7.06,Bad,0.1658
210,7.10,Bad,0.1339
211,7.13,Bad,0.1582
212,7.17,Bad,0.2151
213,7.20,Bad,0.4674
214,7.23,Good,0.5618
215,7.27,Bad,0.4236
216,7.30,Bad,0.4623
217,7.34,Good,0.7046
218,7.37,Good,0.5823
219,7.40,Good,0.5988
220,7.44,Good,0.5353
221,7.47,Good,0.6123
222,7.50,Good,0.7156
223,7.54,Good,0.8039
224,7.57,Good,0.7982
225,7.61,Good,0.6857
226,7.64,Good,0.6812
227,7.67,Good,0.7175
228,7.71,Good,0.6116
229,7.74,Good,0.7096
230,7.77,Good,0.7170
231,7.81,Good,0.7312
232,7.84,Good,0.7204
233,7.88,Good,0.7277
234,7.91,Good,0.8526
235,7.94,Good,0.9239
236,7.98,Good,0.8896
237,8.01,Good,0.8142
238,8.05,Good,0.8829
239,8.08,Good,0.8725
240,8.11,Good,0.9056
241,8.15,Good,0.8714
242,8.18,Good,0.8623
243,8.21,Good,0.8503
244,8.25,Good,0.8159
245,8.28,Good,0.8404
246,8.32,Good,0.8314
247,8.35,Good,0.8592
248,8.38,Good,0.8693
249,8.42,Good,0.8820
250,8.45,Good,0.8651
251,8.48,Good,0.8707
252,8.52,Good,0.8763
253,8.55,Good,0.8667
254,8.59,Good,0.8877
255,8.62,Good,0.8834
256,8.65,Good,0.8267
257,8.69,Good,0.7881
258,8.72,Good,0.7435
259,8.75,Good,0.8473
260,8.79,Good,0.9008
261,8.82,Good,0.9019
262,8.86,Good,0.9011
263,8.89,Good,0.8562
264,8.92,Good,0.7656
265,8.96,Good,0.7687
266,8.99,Good,0.8508
267,9.03,Good,0.8654
268,9.06,Good,0.9082
269,9.09,Good,0.8945
270,9.13,Good,0.8751
271,9.16,Good,0.8717
272,9.19,Good,0.8521
273,9.23,Good,0.8369
274,9.26,Good,0.7431
275,9.30,Good,0.7884
276,9.33,Good,0.6588
277,9.36,Good,0.7130
278,9.40,Good,0.7106
279,9.43,Good,0.8197
280,9.46,Good,0.8513
281,9.50,Good,0.8854
282,9.53,Good,0.8624
283,9.57,Good,0.8727
284,9.60,Good,0.8808
285,9.63,Good,0.9143
286,9.67,Good,0.8925
287,9.70,Good,0.8835
288,9.74,Good,0.7882
289,9.77,Good,0.8487
290,9.80,Good,0.8483
291,9.84,Good,0.8686
292,9.87,Good,0.8664
293,9.90,Good,0.8760
294,9.94,Good,0.9065
295,9.97,Good,0.9188
296,10.01,Good,0.9170
297,10.04,Good,0.9220
298,10.07,Good,0.9051
299,10.11,Good,0.8857
300,10.14,Good,0.8285
301,10.17,Good,0.8563
302,10.21,Good,0.8491
303,10.24,Good,0.8434
304,10.28,Good,0.8181
305,10.31,Good,0.8365
306,10.34,Good,0.8366
307,10.38,Good,0.7783
308,10.41,Good,0.8353
309,10.45,Good,0.8419
310,10.48,Good,0.8685
311,10.51,Good,0.8673
312,10.55,Good,0.8344
313,10.58,Good,0.8078
314,10.61,Good,0.8229
315,10.65,Good,0.7585
316,10.68,Good,0.7338
317,10.72,Good,0.8000
318,10.75,Good,0.7711
319,10.78,Good,0.8251
320,10.82,Good,0.8210
321,10.85,Good,0.6137
322,10.88,Good,0.7401
323,10.92,Good,0.7071
324,10.95,Good,0.6934
325,10.99,Good,0.7634
326,11.02,Good,0.7386
327,11.05,Good,0.7244
328,11.09,Good,0.7697
329,11.12,Good,0.6667
330,11.15,Good,0.7622
331,11.19,Good,0.8323
332,11.22,Good,0.8183
333,11.26,Good,0.8287
334,11.29,Good,0.7361
335,11.32,Good,0.7734
336,11.36,Good,0.7660
337,11.39,Good,0.6887
338,11.43,Good,0.6580
339,11.46,Good,0.7822
340,11.49,Good,0.8137
341,11.53,Good,0.7788
342,11.56,Good,0.8274
343,11.59,Good,0.8226
344,11.63,Good,0.8262
345,11.66,Good,0.8302
346,11.70,Good,0.8747
347,11.73,Good,0.8677
348,11.76,Good,0.8969
349,11.80,Good,0.8624
350,11.83,Good,0.8114
351,11.86,Good,0.8383
352,11.90,Good,0.8548
353,11.93,Good,0.8908
354,11.97,Good,0.8219
355,12.00,Good,0.8388
356,12.03,Good,0.6382
357,12.07,Good,0.7216
358,12.10,Good,0.7033
359,12.14,Good,0.7131
360,12.17,Good,0.8964
361,12.20,Good,0.8837
362,12.24,Good,0.7702
363,12.27,Good,0.8609
364,12.30,Good,0.8849
365,12.34,Good,0.8727
366,12.37,Good,0.8859
367,12.41,Good,0.9179
368,12.44,Good,0.9074
369,12.47,Good,0.9196
370,12.51,Good,0.9199
371,12.54,Good,0.9115
372,12.57,Good,0.8897
373,12.61,Good,0.8859
374,12.64,Good,0.8972
375,12.68,Good,0.8937
376,12.71,Good,0.9068
377,12.74,Good,0.8695
378,12.78,Good,0.8781
379,12.81,Good,0.8708
380,12.85,Good,0.8838
381,12.88,Good,0.9010
382,12.91,Good,0.9261
383,12.95,Good,0.9139
384,12.98,Good,0.8242
385,13.01,Good,0.8320
386,13.05,Good,0.8318
387,13.08,Good,0.9078
388,13.12,Good,0.9111
389,13.15,Good,0.9044
390,13.18,Good,0.9194
391,13.22,Good,0.8739
392,13.25,Good,0.8734
393,13.28,Good,0.8803
394,13.32,Good,0.8287
395,13.35,Good,0.8418
396,13.39,Good,0.8856
397,13.42,Good,0.8868
398,13.45,Good,0.8413
399,13.49,Good,0.8807
400,13.52,Good,0.7910
401,13.55,Good,0.7426
402,13.59,Good,0.7904
403,13.62,Good,0.7964
404,13.66,Good,0.8552
405,13.69,Good,0.8612
406,13.72,Good,0.8569
407,13.76,Good,0.8418
408,13.79,Good,0.6228
409,13.83,Good,0.5907
410,13.86,Good,0.6177
411,13.89,Good,0.7037
412,13.93,Good,0.7269
413,13.96,Good,0.7112
414,13.99,Good,0.7193
415,14.03,Good,0.7449
416,14.06,Good,0.7487
417,14.10,Good,0.7241
418,14.13,Good,0.5713
419,14.16,Good,0.6249
420,14.20,Good,0.7945
421,14.23,Good,0.7718
422,14.26,Good,0.7645
423,14.30,Good,0.8224
424,14.33,Good,0.8213
425,14.37,Good,0.8091
426,14.40,Good,0.8471
427,14.43,Good,0.8223
428,14.47,Good,0.7883
429,14.50,Good,0.7558
430,14.54,Good,0.7576
431,14.57,Good,0.7554
432,14.60,Good,0.7143
433,14.64,Good,0.6777
434,14.67,Good,0.6472
435,14.70,Good,0.5865
436,14.74,Good,0.5377
437,14.77,Good,0.5278
438,14.81,Good,0.5183
439,14.84,Good,0.7139
440,14.87,Good,0.7714
441,14.91,Good,0.7999
442,14.94,Good,0.7404
443,14.97,Good,0.7180
444,15.01,Good,0.7731
445,15.04,Good,0.7878
446,15.08,Good,0.7718
447,15.11,Good,0.5677
448,15.14,Good,0.5156
449,15.18,Good,0.7043
450,15.21,Good,0.6317
451,15.25,Good,0.6368
452,15.28,Good,0.6406
453,15.31,Good,0.5263
454,15.35,Good,0.5350
455,15.38,Good,0.6493
456,15.41,Good,0.7550
457,15.45,Good,0.8603
458,15.48,Good,0.7905
459,15.52,Good,0.7558
460,15.55,Good,0.7542
461,15.58,Good,0.6624
462,15.62,Good,0.8070
463,15.65,Good,0.8366
464,15.68,Good,0.8184
465,15.72,Good,0.7785
466,15.75,Good,0.7709
467,15.79,Good,0.7631
468,15.82,Good,0.7080
469,15.85,Good,0.7747
470,15.89,Good,0.7722
471,15.92,Good,0.8026
472,15.95,Good,0.7598
473,15.99,Good,0.7046
474,16.02,Good,0.7115
475,16.06,Good,0.7367
476,16.09,Good,0.7608
477,16.12,Good,0.7767
478,16.16,Good,0.7959
479,16.19,Good,0.8020
480,16.23,Good,0.6116
481,16.26,Good,0.6225
482,16.29,Good,0.6605
483,16.33,Good,0.7105
484,16.36,Good,0.7082
485,16.39,Good,0.7382
486,16.43,Good,0.7833
487,16.46,Good,0.8001
488,16.50,Good,0.8063
489,16.53,Good,0.7441
490,16.56,Good,0.7979
491,16.60,Good,0.8043
492,16.63,Good,0.7510
493,16.66,Good,0.7562
494,16.70,Good,0.8102
495,16.73,Good,0.7914
496,16.77,Good,0.7922
497,16.80,Good,0.7468
498,16.83,Good,0.8184
499,16.87,Good,0.7691
500,16.90,Good,0.8145
501,16.94,Good,0.7890
502,16.97,Good,0.6884
503,17.00,Good,0.6986
504,17.04,Good,0.7211
505,17.07,Good,0.6752
506,17.10,Good,0.6948
507,17.14,Good,0.8820
508,17.17,Good,0.8364
509,17.21,Good,0.7299
510,17.24,Good,0.8799
511,17.27,Good,0.7813
512,17.31,Good,0.5880
513,17.34,Good,0.5436
514,17.37,Good,0.6165
515,17.41,Good,0.7175
516,17.44,Good,0.8576
517,17.48,Good,0.8651
518,17.51,Good,0.8647
519,17.54,Good,0.8624
520,17.58,Good,0.8693
521,17.61,Good,0.8579
522,17.65,Good,0.8755
523,17.68,Good,0.8573
524,17.71,Good,0.9172
525,17.75,Good,0.8989
526,17.78,Good,0.8807
527,17.81,Good,0.8809
528,17.85,Good,0.8704
529,17.88,Good,0.9197
530,17.92,Good,0.8760
531,17.95,Good,0.8962
532,17.98,Good,0.8719
533,18.02,Good,0.8925
534,18.05,Good,0.8700
535,18.08,Good,0.8630
536,18.12,Good,0.8569
537,18.15,Good,0.8491
538,18.19,Good,0.8654
539,18.22,Good,0.8997
540,18.25,Good,0.8998
541,18.29,Good,0.8858
542,18.32,Good,0.8913
543,18.35,Good,0.8644
544,18.39,Good,0.8765
545,18.42,Good,0.8903
546,18.46,Good,0.8717
547,18.49,Good,0.8637
548,18.52,Good,0.8211
549,18.56,Good,0.8638
550,18.59,Good,0.8464
551,18.63,Good,0.8677
552,18.66,Good,0.8616
553,18.69,Good,0.8350
554,18.73,Good,0.8592
555,18.76,Good,0.8838
556,18.79,Good,0.9072
557,18.83,Good,0.8645
558,18.86,Good,0.8371
559,18.90,Good,0.8677
560,18.93,Good,0.8597
561,18.96,Good,0.8673
562,19.00,Good,0.8937
563,19.03,Good,0.9080
564,19.06,Good,0.9212
565,19.10,Good,0.9260
566,19.13,Good,0.9403
567,19.17,Good,0.9414
568,19.20,Good,0.9101
569,19.23,Good,0.8993
570,19.27,Good,0.9246
571,19.30,Good,0.9043
572,19.34,Good,0.8969
573,19.37,Good,0.9222
574,19.40,Good,0.9315
575,19.44,Good,0.9380
576,19.47,Good,0.8596
577,19.50,Good,0.8761
578,19.54,Good,0.9078
579,19.57,Good,0.9122
580,19.61,Good,0.9097
581,19.64,Good,0.8976
582,19.67,Good,0.8855
583,19.71,Good,0.8649
584,19.74,Good,0.8415
585,19.77,Good,0.8404
586,19.81,Good,0.8152
587,19.84,Good,0.8952
588,19.88,Good,0.9346
589,19.91,Good,0.9045
590,19.94,Good,0.8407
591,19.98,Good,0.8729
592,20.01,Good,0.8641
593,20.05,Good,0.8078
594,20.08,Good,0.8364
595,20.11,Good,0.8727
596,20.15,Good,0.8624
597,20.18,Good,0.8744
598,20.21,Good,0.8475
599,20.25,Good,0.8237
600,20.28,Good,0.8808
601,20.32,Good,0.8776
602,20.35,Good,0.8906
603,20.38,Good,0.8354
604,20.42,Good,0.8632
605,20.45,Good,0.7739
606,20.48,Good,0.7158
607,20.52,Good,0.7095
608,20.55,Good,0.6922
609,20.59,Good,0.7107
610,20.62,Good,0.8002
611,20.65,Good,0.8014
612,20.69,Good,0.8781
613,20.72,Good,0.8743
614,20.75,Good,0.9058
615,20.79,Good,0.8898
616,20.82,Good,0.8809
617,20.86,Good,0.8916
618,20.89,Good,0.8729
619,20.92,Good,0.8100
620,20.96,Good,0.7929
621,20.99,Good,0.7089
622,21.03,Good,0.7048
623,21.06,Good,0.8040
624,21.09,Good,0.7261
625,21.13,Good,0.8143
626,21.16,Good,0.7108
627,21.19,Good,0.8135
628,21.23,Good,0.7442
629,21.26,Good,0.6722
630,21.30,Good,0.5589
631,21.33,Good,0.5416
632,21.36,Good,0.7832
633,21.40,Good,0.8275
634,21.43,Good,0.9013
635,21.46,Good,0.8938
636,21.50,Good,0.8733
637,21.53,Good,0.8710
638,21.57,Good,0.8099
639,21.60,Good,0.8050
640,21.63,Good,0.7864
641,21.67,Good,0.7986
642,21.70,Good,0.7599
643,21.74,Good,0.5371
644,21.77,Good,0.6988
645,21.80,Good,0.8454
646,21.84,Good,0.5004
647,21.87,Good,0.7266
648,21.90,Good,0.7686
649,21.94,Good,0.7531
650,21.97,Good,0.6651
651,22.01,Good,0.7189
652,22.04,Good,0.7110
653,22.07,Good,0.6650
654,22.11,Good,0.7605
655,22.14,Good,0.8164
656,22.17,Good,0.6538
657,22.21,Good,0.7276
658,22.24,Good,0.6651
659,22.28,Good,0.5836
660,22.31,Good,0.6224
661,22.34,Good,0.5753
662,22.38,Bad,0.4122
663,22.41,Bad,0.3768
664,22.45,Bad,0.4726
665,22.48,Good,0.6096
666,22.51,Good,0.5237
667,22.55,Good,0.5484
668,22.58,Good,0.5470
669,22.61,Good,0.6123
670,22.65,Good,0.5454
671,22.68,Good,0.6075
672,22.72,Good,0.5201
673,22.75,Good,0.5577
674,22.78,Good,0.5682
675,22.82,Good,0.5612
676,22.85,Good,0.5688
677,22.88,Good,0.5967
678,22.92,Good,0.7147
679,22.95,Good,0.6875
680,22.99,Good,0.6743
681,23.02,Good,0.6324
682,23.05,Good,0.6301
683,23.09,Good,0.6741
684,23.12,Good,0.7052
685,23.15,Good,0.7693
686,23.19,Good,0.8293
687,23.22,Good,0.7909
688,23.26,Good,0.7571
689,23.29,Good,0.8623
690,23.32,Good,0.7562
691,23.36,Good,0.7674
692,23.39,Good,0.7896
693,23.43,Good,0.7161
694,23.46,Good,0.6655
695,23.49,Bad,0.4948
696,23.53,Good,0.6987
697,23.56,Good,0.6222
698,23.59,Good,0.6258
699,23.63,Good,0.8004
700,23.66,Good,0.8292
701,23.70,Good,0.8233
702,23.73,Good,0.8433
703,23.76,Good,0.8694
704,23.80,Good,0.8752
705,23.83,Good,0.8856
706,23.86,Good,0.8965
707,23.90,Good,0.8768
708,23.93,Good,0.8621
709,23.97,Good,0.8263
710,24.00,Good,0.8822
711,24.03,Good,0.8872
712,24.07,Good,0.7426
713,24.10,Good,0.7470
714,24.14,Good,0.7912
715,24.17,Good,0.8418
716,24.20,Good,0.7104
717,24.24,Good,0.7333
718,24.27,Good,0.7687
719,24.30,Good,0.7921
720,24.34,Good,0.7404
721,24.37,Good,0.8333
722,24.41,Good,0.8341
723,24.44,Good,0.8230
724,24.47,Good,0.8456
725,24.51,Good,0.8641
726,24.54,Good,0.8521
727,24.57,Good,0.8102
728,24.61,Good,0.8183
729,24.64,Good,0.8359
730,24.68,Good,0.8664
731,24.71,Good,0.8242
732,24.74,Good,0.7494
733,24.78,Good,0.8055
734,24.81,Good,0.7853
735,24.85,Good,0.7745
736,24.88,Good,0.7707
737,24.91,Good,0.7986
738,24.95,Good,0.7741
739,24.98,Good,0.7742
740,25.01,Good,0.7869
741,25.05,Good,0.8346
742,25.08,Good,0.8740
743,25.12,Good,0.8579
744,25.15,Good,0.7903
745,25.18,Good,0.8222
746,25.22,Good,0.7753
747,25.25,Good,0.7956
748,25.28,Good,0.8155
749,25.32,Good,0.8449
750,25.35,Good,0.8344
751,25.39,Good,0.8530
752,25.42,Good,0.7736
753,25.45,Good,0.7815
754,25.49,Good,0.7982
755,25.52,Good,0.7640
756,25.55,Good,0.8785
757,25.59,Good,0.8814
758,25.62,Good,0.9000
759,25.66,Good,0.9228
760,25.69,Good,0.9119
761,25.72,Good,0.9101
762,25.76,Good,0.8879
763,25.79,Good,0.8427
764,25.83,Good,0.8768
765,25.86,Good,0.8775
766,25.89,Good,0.8588
767,25.93,Good,0.8679
768,25.96,Good,0.8611
769,25.99,Good,0.8739
770,26.03,Good,0.8900
771,26.06,Good,0.8639
772,26.10,Good,0.8571
773,26.13,Good,0.8446
774,26.16,Good,0.8717
775,26.20,Good,0.8878
776,26.23,Good,0.8925
777,26.26,Good,0.8747
778,26.30,Good,0.8783
779,26.33,Good,0.8496
780,26.37,Good,0.5709
781,26.40,Bad,0.5000
782,26.43,Good,0.5479
783,26.47,Good,0.6196
784,26.50,Good,0.5241
785,26.54,Good,0.5423
786,26.57,Good,0.5838
787,26.60,Good,0.6441
788,26.64,Good,0.7092
789,26.67,Good,0.7282
790,26.70,Good,0.6735
791,26.74,Good,0.7347
792,26.77,Good,0.7440
793,26.81,Good,0.7647
794,26.84,Good,0.7466
795,26.87,Good,0.7014
796,26.91,Good,0.6205
797,26.94,Good,0.7415
798,26.97,Good,0.8380
799,27.01,Good,0.8352
800,27.04,Good,0.8714
801,27.08,Good,0.8483
802,27.11,Good,0.8213
803,27.14,Good,0.6492
804,27.18,Good,0.7169
805,27.21,Good,0.5402
806,27.25,Good,0.5656
807,27.28,Good,0.7415
808,27.31,Good,0.7812
809,27.35,Good,0.7681
810,27.38,Good,0.7546
811,27.41,Good,0.6341
812,27.45,Good,0.7056
813,27.48,Good,0.8122
814,27.52,Good,0.7953
815,27.55,Good,0.8209
816,27.58,Good,0.8461
817,27.62,Good,0.8324
818,27.65,Good,0.7426
819,27.68,Good,0.8479
820,27.72,Good,0.8166
821,27.75,Good,0.8311
822,27.79,Good,0.7616
823,27.82,Good,0.8693
824,27.85,Good,0.8887
825,27.89,Good,0.8999
826,27.92,Good,0.9191
827,27.95,Good,0.9125
828,27.99,Good,0.9449
829,28.02,Good,0.9385
830,28.06,Good,0.9448
831,28.09,Good,0.9434
832,28.12,Good,0.9449
833,28.16,Good,0.9297
834,28.19,Good,0.9218
835,28.23,Good,0.9131
836,28.26,Good,0.9313
837,28.29,Good,0.9332
838,28.33,Good,0.9134
839,28.36,Good,0.9142
840,28.39,Good,0.9091
841,28.43,Good,0.8920
842,28.46,Good,0.9303
843,28.50,Good,0.9387
844,28.53,Good,0.9276
845,28.56,Good,0.9452
846,28.60,Good,0.9411
847,28.63,Good,0.9391
848,28.66,Good,0.9326
849,28.70,Good,0.9527
850,28.73,Good,0.9492
851,28.77,Good,0.9371
852,28.80,Good,0.9461
853,28.83,Good,0.9401
854,28.87,Good,0.9304
855,28.90,Good,0.9245
856,28.94,Good,0.9372
857,28.97,Good,0.9112
858,29.00,Good,0.9215
859,29.04,Good,0.9373
860,29.07,Good,0.9412
861,29.10,Good,0.9404
862,29.14,Good,0.9510
863,29.17,Good,0.9490
864,29.21,Good,0.9416
865,29.24,Good,0.9290
866,29.27,Good,0.9482
867,29.31,Good,0.9329
868,29.34,Good,0.9528
869,29.37,Good,0.9447
870,29.41,Good,0.9366
871,29.44,Good,0.9394
872,29.48,Good,0.9579
873,29.51,Good,0.9318
874,29.54,Good,0.9256
875,29.58,Good,0.9264
876,29.61,Good,0.9108
877,29.65,Good,0.8965
878,29.68,Good,0.9119
879,29.71,Good,0.9174
880,29.75,Good,0.9244
881,29.78,Good,0.9312
882,29.81,Good,0.9227
883,29.85,Good,0.9278
884,29.88,Good,0.9241
885,29.92,Good,0.9268
886,29.95,Good,0.9293
887,29.98,Good,0.9397
888,30.02,Good,0.9181
889,30.05,Good,0.8819
890,30.08,Good,0.9196
891,30.12,Good,0.9253
892,30.15,Good,0.9177
893,30.19,Good,0.9150
894,30.22,Good,0.9201
895,30.25,Good,0.9134
896,30.29,Good,0.9198
897,30.32,Good,0.9183
898,30.35,Good,0.9300
899,30.39,Good,0.9321
900,30.42,Good,0.9361
901,30.46,Good,0.9407
902,30.49,Good,0.9406
903,30.52,Good,0.9447
904,30.56,Good,0.9150
905,30.59,Good,0.9260
906,30.63,Good,0.9209
907,30.66,Good,0.9082
908,30.69,Good,0.8817
909,30.73,Good,0.9356
910,30.76,Good,0.9262
911,30.79,Good,0.9146
912,30.83,Good,0.8906
913,30.86,Good,0.8696
914,30.90,Good,0.8576
915,30.93,Good,0.8040
916,30.96,Good,0.8090
917,31.00,Good,0.7954
918,31.03,Good,0.8229
919,31.06,Good,0.8239
920,31.10,Good,0.7646
921,31.13,Good,0.7043
922,31.17,Good,0.6973
923,31.20,Good,0.7532
924,31.23,Good,0.9022
925,31.27,Good,0.6344
926,31.30,Good,0.7921
927,31.34,Good,0.8111
928,31.37,Good,0.7736
929,31.40,Good,0.7535
930,31.44,Good,0.8105
931,31.47,Good,0.7914
932,31.50,Good,0.6474
933,31.54,Good,0.7294
934,31.57,Good,0.5732
935,31.61,Good,0.6564
936,31.64,Good,0.7960
937,31.67,Good,0.7963
938,31.71,Good,0.7963
939,31.74,Good,0.8304
940,31.77,Good,0.7962
941,31.81,Good,0.8544
942,31.84,Good,0.8073
943,31.88,Good,0.8215
944,31.91,Good,0.7979
945,31.94,Good,0.7891
946,31.98,Good,0.7221
947,32.01,Good,0.7946
948,32.05,Good,0.8366
949,32.08,Good,0.8615
950,32.11,Good,0.8687
951,32.15,Good,0.8786
952,32.18,Good,0.8682
953,32.21,Good,0.8824
954,32.25,Good,0.8537
955,32.28,Good,0.8790
956,32.32,Good,0.8995
957,32.35,Good,0.9230
958,32.38,Good,0.9090
959,32.42,Good,0.9266
960,32.45,Good,0.9073
961,32.48,Good,0.9330
962,32.52,Good,0.9001
963,32.55,Good,0.8981
964,32.59,Good,0.7911
965,32.62,Good,0.8839
966,32.65,Good,0.8146
967,32.69,Good,0.8821
968,32.72,Good,0.9325
969,32.75,Good,0.9362
970,32.79,Good,0.8943
971,32.82,Good,0.8922
972,32.86,Good,0.9136
973,32.89,Good,0.9071
974,32.92,Good,0.9233
975,32.96,Good,0.9055
976,32.99,Good,0.8802
977,33.03,Good,0.9143
978,33.06,Good,0.9149
979,33.09,Good,0.9152
980,33.13,Good,0.8992
981,33.16,Good,0.8949
982,33.19,Good,0.8321
983,33.23,Good,0.8849
984,33.26,Good,0.7999
985,33.30,Good,0.8157
986,33.33,Good,0.8852
987,33.36,Good,0.8779
988,33.40,Good,0.9214
989,33.43,Good,0.9200
990,33.46,Good,0.9389
991,33.50,Good,0.9252
992,33.53,Good,0.8961
993,33.57,Good,0.8766
994,33.60,Good,0.8660
995,33.63,Good,0.8230
996,33.67,Good,0.8185
997,33.70,Good,0.9005
998,33.74,Good,0.8731
999,33.77,Good,0.9015
1000,33.80,Good,0.9019
1001,33.84,Good,0.8722
1002,33.87,Good,0.8815
1003,33.90,Good,0.8884
1004,33.94,Good,0.8734
1005,33.97,Good,0.8907
1006,34.01,Good,0.8955
1007,34.04,Good,0.8773
1008,34.07,Good,0.8531
1009,34.11,Good,0.8298
1010,34.14,Good,0.7822
1011,34.17,Good,0.7566
1012,34.21,Good,0.7855
1013,34.24,Good,0.7561
1014,34.28,Good,0.8883
1015,34.31,Good,0.9015
1016,34.34,Good,0.9084
1017,34.38,Good,0.9193
1018,34.41,Good,0.9180
1019,34.45,Good,0.8495
1020,34.48,Good,0.8166
1021,34.51,Good,0.8178
1022,34.55,Good,0.8567
1023,34.58,Good,0.9113
1024,34.61,Good,0.8878
1025,34.65,Good,0.8953
1026,34.68,Good,0.8596
1027,34.72,Good,0.8835
1028,34.75,Good,0.8841
1029,34.78,Good,0.9147
1030,34.82,Good,0.9064
1031,34.85,Good,0.8573
1032,34.88,Good,0.8576
1033,34.92,Good,0.8039
1034,34.95,Good,0.8310
1035,34.99,Good,0.8131
1036,35.02,Good,0.8371
1037,35.05,Good,0.8780
1038,35.09,Good,0.8628
1039,35.12,Good,0.8502
1040,35.15,Good,0.8174
1041,35.19,Good,0.8408
1042,35.22,Good,0.8430
1043,35.26,Good,0.8779
1044,35.29,Good,0.9175
1045,35.32,Good,0.9079
1046,35.36,Good,0.9177
1047,35.39,Good,0.9007
1048,35.43,Good,0.8977
1049,35.46,Good,0.8485
1050,35.49,Good,0.9205
1051,35.53,Good,0.9220
1052,35.56,Good,0.9279
1053,35.59,Good,0.8621
1054,35.63,Good,0.8897
1055,35.66,Good,0.8752
1056,35.70,Good,0.8780
1057,35.73,Good,0.8484
1058,35.76,Good,0.8940
1059,35.80,Good,0.8825
1060,35.83,Good,0.8699
1061,35.86,Good,0.8862
1062,35.90,Good,0.8732
1063,35.93,Good,0.8591
1064,35.97,Good,0.8883
1065,36.00,Good,0.9062
1066,36.03,Good,0.8997
1067,36.07,Good,0.9086
1068,36.10,Good,0.9218
1069,36.14,Good,0.9002
1070,36.17,Good,0.8523
1071,36.20,Good,0.9167
1072,36.24,Good,0.9021
1073,36.27,Good,0.8999
1074,36.30,Good,0.8970
1075,36.34,Good,0.8925
1076,36.37,Good,0.8881
1077,36.41,Good,0.8986
1078,36.44,Good,0.8970
1079,36.47,Good,0.9193
1080,36.51,Good,0.8839
1081,36.54,Good,0.9050
1082,36.57,Good,0.8829
1083,36.61,Good,0.8960
1084,36.64,Good,0.8994
1085,36.68,Good,0.9226
1086,36.71,Good,0.9292
1087,36.74,Good,0.9246
1088,36.78,Good,0.9058
1089,36.81,Good,0.9335
1090,36.85,Good,0.9292
1091,36.88,Good,0.9337
1092,36.91,Good,0.8888
1093,36.95,Good,0.9067
1094,36.98,Good,0.8900
1095,37.01,Good,0.9065
1096,37.05,Good,0.9044
1097,37.08,Good,0.9129
1098,37.12,Good,0.9108
1099,37.15,Good,0.9227
1100,37.18,Good,0.9216
1101,37.22,Good,0.9001
1102,37.25,Good,0.9235
1103,37.28,Good,0.9151
1104,37.32,Good,0.9304
1105,37.35,Good,0.9341
1106,37.39,Good,0.9403
1107,37.42,Good,0.9390
1108,37.45,Good,0.9442
1109,37.49,Good,0.9348
1110,37.52,Good,0.9180
1111,37.55,Good,0.9452
1112,37.59,Good,0.8877
1113,37.62,Good,0.9077
1114,37.66,Good,0.9202
1115,37.69,Good,0.8796
1116,37.72,Good,0.9059
1117,37.76,Good,0.8798
1118,37.79,Good,0.9160
1119,37.83,Good,0.8693
1120,37.86,Good,0.8946
1121,37.89,Good,0.9034
1122,37.93,Good,0.9199
1123,37.96,Good,0.8779
1124,37.99,Good,0.8658
1125,38.03,Good,0.8980
1126,38.06,Good,0.9086
1127,38.10,Good,0.9138
1128,38.13,Good,0.9281
1129,38.16,Good,0.9214
1130,38.20,Good,0.9181
1131,38.23,Good,0.9249
1132,38.26,Good,0.9017
1133,38.30,Good,0.8790
1134,38.33,Good,0.8607
1135,38.37,Good,0.8740
1136,38.40,Good,0.8806
1137,38.43,Good,0.9087
1138,38.47,Good,0.8847
1139,38.50,Good,0.8942
1140,38.54,Good,0.8974
1141,38.57,Good,0.9220
1142,38.60,Good,0.9264
1143,38.64,Good,0.9209
1144,38.67,Good,0.8875
1145,38.70,Good,0.8980
1146,38.74,Good,0.8888
1147,38.77,Good,0.9149
1148,38.81,Good,0.9100
1149,38.84,Good,0.9092
1150,38.87,Good,0.9006
1151,38.91,Good,0.9202
1152,38.94,Good,0.9369
1153,38.97,Good,0.9374
1154,39.01,Good,0.9235
1155,39.04,Good,0.9176
1156,39.08,Good,0.9266
1157,39.11,Good,0.9055
1158,39.14,Good,0.9071
1159,39.18,Good,0.9358
1160,39.21,Good,0.9233
1161,39.25,Good,0.9250
1162,39.28,Good,0.9220
1163,39.31,Good,0.9199
1164,39.35,Good,0.9341
1165,39.38,Good,0.9399
1166,39.41,Good,0.9306
1167,39.45,Good,0.9302
1168,39.48,Good,0.9197
1169,39.52,Good,0.8710
1170,39.55,Good,0.8518
1171,39.58,Good,0.8833
1172,39.62,Good,0.8579
1173,39.65,Good,0.8566
1174,39.68,Good,0.8517
1175,39.72,Good,0.8877
1176,39.75,Good,0.9273
1177,39.79,Good,0.9156
1178,39.82,Good,0.8995
1179,39.85,Good,0.9095
1180,39.89,Good,0.9056
1181,39.92,Good,0.9089
1182,39.95,Good,0.8981
1183,39.99,Good,0.9152
1184,40.02,Good,0.8788
1185,40.06,Good,0.9071
1186,40.09,Good,0.8999
1187,40.12,Good,0.8742
1188,40.16,Good,0.9296
1189,40.19,Good,0.9149
1190,40.23,Good,0.8964
1191,40.26,Good,0.8476
1192,40.29,Good,0.8434
1193,40.33,Good,0.8100
1194,40.36,Good,0.8147
1195,40.39,Good,0.8315
1196,40.43,Good,0.8442
1197,40.46,Good,0.8282
1198,40.50,Good,0.8695
1199,40.53,Good,0.8815
1200,40.56,Good,0.8590
1201,40.60,Good,0.8428
1202,40.63,Good,0.7970
1203,40.66,Good,0.8112
1204,40.70,Good,0.7980
1205,40.73,Good,0.8348
1206,40.77,Good,0.8368
1207,40.80,Good,0.7636
1208,40.83,Good,0.8224
1209,40.87,Good,0.7566
1210,40.90,Good,0.8112
1211,40.94,Good,0.8596
1212,40.97,Good,0.7210
1213,41.00,Good,0.7810
1214,41.04,Good,0.7599
1215,41.07,Good,0.7684
1216,41.10,Good,0.8275
1217,41.14,Good,0.7922
1218,41.17,Good,0.7688
1219,41.21,Good,0.7949
1220,41.24,Good,0.8277
1221,41.27,Good,0.8140
1222,41.31,Good,0.5828
1223,41.34,Bad,0.4636
1224,41.37,Good,0.7584
1225,41.41,Good,0.7705
1226,41.44,Good,0.8156
1227,41.48,Good,0.8753
1228,41.51,Good,0.8389
1229,41.54,Good,0.8432
1230,41.58,Good,0.7496
1231,41.61,Good,0.8138
1232,41.65,Good,0.8051
1233,41.68,Good,0.8478
1234,41.71,Good,0.8377
1235,41.75,Good,0.8722
1236,41.78,Good,0.9044
1237,41.81,Good,0.9027
1238,41.85,Good,0.9111
1239,41.88,Good,0.9294
1240,41.92,Good,0.9085
1241,41.95,Good,0.8950
1242,41.98,Good,0.8915
1243,42.02,Good,0.9167
1244,42.05,Good,0.9111
1245,42.08,Good,0.8953
1246,42.12,Good,0.9130
1247,42.15,Good,0.9217
1248,42.19,Good,0.9281
1249,42.22,Good,0.8955
1250,42.25,Good,0.8783
1251,42.29,Good,0.8744
1252,42.32,Good,0.8856
1253,42.35,Good,0.8709
1254,42.39,Good,0.8608
1255,42.42,Good,0.8866
1256,42.46,Good,0.8789
1257,42.49,Good,0.8782
1258,42.52,Good,0.9116
1259,42.56,Good,0.9153
1260,42.59,Good,0.9410
1261,42.63,Good,0.9217
1262,42.66,Good,0.9314
1263,42.69,Good,0.9348
1264,42.73,Good,0.8920
1265,42.76,Good,0.8970
1266,42.79,Good,0.8723
1267,42.83,Good,0.8646
1268,42.86,Good,0.9137
1269,42.90,Good,0.9227
1270,42.93,Good,0.9357
1271,42.96,Good,0.9143
1272,43.00,Good,0.9138
1273,43.03,Good,0.8951
1274,43.06,Good,0.9168
1275,43.10,Good,0.9140
1276,43.13,Good,0.9200
1277,43.17,Good,0.9025
1278,43.20,Good,0.9086
1279,43.23,Good,0.9191
1280,43.27,Good,0.9257
1281,43.30,Good,0.8896
1282,43.34,Good,0.8767
1283,43.37,Good,0.8629
1284,43.40,Good,0.8817
1285,43.44,Good,0.9225
1286,43.47,Good,0.9095
1287,43.50,Good,0.8834
1288,43.54,Good,0.9092
1289,43.57,Good,0.9337
1290,43.61,Good,0.8908
1291,43.64,Good,0.8908
1292,43.67,Good,0.8981
1293,43.71,Good,0.8855
1294,43.74,Good,0.8575
1295,43.77,Good,0.8183
1296,43.81,Good,0.8485
1297,43.84,Good,0.8906
1298,43.88,Good,0.9001
1299,43.91,Good,0.8725
1300,43.94,Good,0.8446
1301,43.98,Good,0.8715
1302,44.01,Good,0.8861
1303,44.05,Good,0.8604
1304,44.08,Good,0.9204
1305,44.11,Good,0.9041
1306,44.15,Good,0.8934
1307,44.18,Good,0.9004
1308,44.21,Good,0.9123
1309,44.25,Good,0.9146
1310,44.28,Good,0.9195
1311,44.32,Good,0.9402
1312,44.35,Good,0.9141
1313,44.38,Good,0.9147
1314,44.42,Good,0.9212
1315,44.45,Good,0.9160
1316,44.48,Good,0.8881
1317,44.52,Good,0.9160
1318,44.55,Good,0.9126
1319,44.59,Good,0.9142
1320,44.62,Good,0.9257
1321,44.65,Good,0.9140
1322,44.69,Good,0.8961
1323,44.72,Good,0.9004
1324,44.75,Good,0.8403
1325,44.79,Good,0.8598
1326,44.82,Good,0.8242
1327,44.86,Good,0.8720
1328,44.89,Good,0.8692
1329,44.92,Good,0.8471
1330,44.96,Good,0.8550
1331,44.99,Good,0.8968
1332,45.03,Good,0.8755
1333,45.06,Good,0.8746
1334,45.09,Good,0.8831
1335,45.13,Good,0.8785
1336,45.16,Good,0.8442
1337,45.19,Good,0.8471
1338,45.23,Good,0.8204
1339,45.26,Good,0.8566
1340,45.30,Good,0.8645
1341,45.33,Good,0.8600
1342,45.36,Good,0.8780
1343,45.40,Good,0.8842
1344,45.43,Good,0.7573
1345,45.46,Good,0.7577
1346,45.50,Good,0.7626
1347,45.53,Good,0.7159
1348,45.57,Good,0.6728
1349,45.60,Good,0.7510
1350,45.63,Good,0.7564
1351,45.67,Good,0.7424
1352,45.70,Good,0.7828
1353,45.74,Good,0.7126
1354,45.77,Good,0.7466
1355,45.80,Good,0.7574
1356,45.84,Good,0.7364
1357,45.87,Good,0.7886
1358,45.90,Good,0.7905
1359,45.94,Good,0.8242
1360,45.97,Good,0.8588
1361,46.01,Good,0.8244
1362,46.04,Good,0.8292
1363,46.07,Good,0.8168
1364,46.11,Good,0.7927
1365,46.14,Good,0.7631
1366,46.17,Good,0.7874
1367,46.21,Good,0.8346
1368,46.24,Good,0.8037
1369,46.28,Good,0.7192
1370,46.31,Good,0.7734
1371,46.34,Good,0.7596
1372,46.38,Good,0.8131
1373,46.41,Good,0.8167
1374,46.45,Good,0.6775
1375,46.48,Good,0.7221
1376,46.51,Good,0.7108
1377,46.55,Good,0.7408
1378,46.58,Good,0.6983
1379,46.61,Good,0.8124
1380,46.65,Good,0.7703
1381,46.68,Good,0.7827
1382,46.72,Good,0.7261
1383,46.75,Good,0.6549
1384,46.78,Good,0.5634
1385,46.82,Good,0.7650
1386,46.85,Good,0.7883
1387,46.88,Good,0.7006
1388,46.92,Good,0.5780
1389,46.95,Bad,0.4923
1390,46.99,Good,0.5476
1391,47.02,Good,0.5839
1392,47.05,Good,0.8002
1393,47.09,Good,0.5724
1394,47.12,Good,0.6267
1395,47.15,Good,0.6793
1396,47.19,Good,0.5946
1397,47.22,Good,0.6586
1398,47.26,Good,0.6581
1399,47.29,Good,0.7648
1400,47.32,Good,0.7830
1401,47.36,Good,0.8223
1402,47.39,Good,0.8145
1403,47.43,Good,0.8689
1404,47.46,Good,0.8978
1405,47.49,Good,0.9044
1406,47.53,Good,0.8716
1407,47.56,Good,0.8744
1408,47.59,Good,0.8770
1409,47.63,Good,0.8648
1410,47.66,Good,0.8453
1411,47.70,Good,0.8757
1412,47.73,Good,0.7206
1413,47.76,Good,0.7535
1414,47.80,Good,0.7497
1415,47.83,Good,0.7932
1416,47.86,Good,0.8745
1417,47.90,Good,0.8923
1418,47.93,Good,0.8788
1419,47.97,Good,0.8657
1420,48.00,Good,0.8489
1421,48.03,Good,0.8431
1422,48.07,Good,0.8553
1423,48.10,Good,0.8763
1424,48.14,Good,0.8415
1425,48.17,Good,0.8914
1426,48.20,Good,0.8560
1427,48.24,Good,0.8662
1428,48.27,Good,0.8635
1429,48.30,Good,0.8261
1430,48.34,Good,0.7938
1431,48.37,Good,0.7256
1432,48.41,Good,0.6828
1433,48.44,Good,0.6290
1434,48.47,Good,0.6122
1435,48.51,Bad,0.4960
1436,48.54,Good,0.6082
1437,48.57,Good,0.6370
1438,48.61,Good,0.7189
1439,48.64,Good,0.6977
1440,48.68,Good,0.8211
1441,48.71,Good,0.7698
1442,48.74,Good,0.8448
1443,48.78,Good,0.8418
1444,48.81,Good,0.8055
1445,48.85,Good,0.7328
1446,48.88,Good,0.6971
1447,48.91,Good,0.6652
1448,48.95,Good,0.8187
1449,48.98,Good,0.7776
1450,49.01,Good,0.7087
1451,49.05,Good,0.5477
1452,49.08,Bad,0.4410
1453,49.12,Bad,0.3581
1454,49.15,Bad,0.3535
1455,49.18,Bad,0.3283
1456,49.22,Bad,0.3250
1457,49.25,Bad,0.3360
1458,49.28,Bad,0.4671
1459,49.32,Bad,0.4030
1460,49.35,Bad,0.4427
1461,49.39,Good,0.5373
1462,49.42,Good,0.6397
1463,49.45,Good,0.7780
1464,49.49,Good,0.5979
1465,49.52,Good,0.6203
1466,49.55,Good,0.6454
1467,49.59,Good,0.5956
1468,49.62,Good,0.6644
1469,49.66,Good,0.8200
1470,49.69,Good,0.8049
1471,49.72,Good,0.7395
1472,49.76,Good,0.8019
1473,49.79,Good,0.7269
1474,49.83,Good,0.7487
1475,49.86,Good,0.8481
1476,49.89,Good,0.8582
1477,49.93,Good,0.7600
1478,49.96,Good,0.7438
1479,49.99,Good,0.8289
1480,50.03,Good,0.8109
1481,50.06,Good,0.8341
1482,50.10,Good,0.8358
1483,50.13,Good,0.8193
1484,50.16,Good,0.8133
1485,50.20,Good,0.8207
1486,50.23,Good,0.8118
1487,50.26,Good,0.8244
1488,50.30,Good,0.7544
1489,50.33,Good,0.7005
1490,50.37,Good,0.5200
1491,50.40,Good,0.5278
1492,50.43,Good,0.5715
1493,50.47,Good,0.6171
1494,50.50,Good,0.5743
1495,50.54,Good,0.6111
1496,50.57,Good,0.6329
1497,50.60,Good,0.8014
1498,50.64,Good,0.8460
1499,50.67,Good,0.8860
1500,50.70,Good,0.9272
1501,50.74,Good,0.9115
1502,50.77,Good,0.9268
1503,50.81,Good,0.9265
1504,50.84,Good,0.9251
1505,50.87,Good,0.9093
1506,50.91,Good,0.9168
1507,50.94,Good,0.9310
1508,50.97,Good,0.9278
1509,51.01,Good,0.9029
1510,51.04,Good,0.8904
1511,51.08,Good,0.9141
1512,51.11,Good,0.8650
1513,51.14,Good,0.8493
1514,51.18,Good,0.9150
1515,51.21,Good,0.9049
1516,51.25,Good,0.9150
1517,51.28,Good,0.8949
1518,51.31,Good,0.9031
1519,51.35,Good,0.8555
1520,51.38,Good,0.7558
1521,51.41,Good,0.6346
1522,51.45,Good,0.8620
1523,51.48,Good,0.9111
1524,51.52,Good,0.9559
1525,51.55,Good,0.9195
1526,51.58,Good,0.8994
1527,51.62,Good,0.9337
1528,51.65,Good,0.9206
1529,51.68,Good,0.8768
1530,51.72,Good,0.9426
1531,51.75,Good,0.9418
1532,51.79,Good,0.9527
1533,51.82,Good,0.9460
1534,51.85,Good,0.9306
1535,51.89,Good,0.9498
1536,51.92,Good,0.9643
1537,51.95,Good,0.9474
1538,51.99,Good,0.9081
1539,52.02,Good,0.9217
1540,52.06,Good,0.9306
1541,52.09,Good,0.9137
1542,52.12,Good,0.9503
1543,52.16,Good,0.9483
1544,52.19,Good,0.9006
1545,52.23,Good,0.9445
1546,52.26,Good,0.9247
1547,52.29,Good,0.9397
1548,52.33,Good,0.8603
1549,52.36,Good,0.8507
1550,52.39,Good,0.8668
1551,52.43,Good,0.8230
1552,52.46,Good,0.7161
1553,52.50,Good,0.7372
1554,52.53,Good,0.7591
1555,52.56,Good,0.8125
1556,52.60,Good,0.8316
1557,52.63,Good,0.8356
1558,52.66,Good,0.8653
1559,52.70,Good,0.8415
1560,52.73,Good,0.8572
1561,52.77,Good,0.8779
1562,52.80,Good,0.8805
1563,52.83,Good,0.8335
1564,52.87,Good,0.8703
1565,52.90,Good,0.8814
1566,52.94,Good,0.8711
1567,52.97,Good,0.8756
1568,53.00,Good,0.8738
1569,53.04,Good,0.8933
1570,53.07,Good,0.8597
1571,53.10,Good,0.8850
1572,53.14,Good,0.8640
1573,53.17,Good,0.8240
1574,53.21,Good,0.7175
1575,53.24,Good,0.7121
1576,53.27,Good,0.7659
1577,53.31,Good,0.8712
1578,53.34,Good,0.8028
1579,53.37,Good,0.8373
1580,53.41,Good,0.8062
1581,53.44,Good,0.8108
1582,53.48,Good,0.7486
1583,53.51,Good,0.7197
1584,53.54,Good,0.6703
1585,53.58,Good,0.5889
1586,53.61,Good,0.5998
1587,53.65,Good,0.6629
1588,53.68,Good,0.6660
1589,53.71,Good,0.5642
1590,53.75,Good,0.5428
1591,53.78,Good,0.5614
1592,53.81,Good,0.5557
1593,53.85,Good,0.5397
1594,53.88,Bad,0.4918
1595,53.92,Good,0.5201
1596,53.95,Good,0.5738
1597,53.98,Good,0.5784
1598,54.02,Good,0.6104
1599,54.05,Good,0.6693
1600,54.08,Good,0.6639
1601,54.12,Good,0.6873
1602,54.15,Good,0.7286
1603,54.19,Good,0.6766
1604,54.22,Good,0.7306
1605,54.25,Good,0.7427
1606,54.29,Good,0.6744
1607,54.32,Good,0.5395
1608,54.35,Bad,0.4164
1609,54.39,Good,0.5524
1610,54.42,Good,0.6485
1611,54.46,Good,0.7923
1612,54.49,Good,0.7138
1613,54.52,Good,0.6554
1614,54.56,Good,0.6005
1615,54.59,Good,0.5287
1616,54.63,Bad,0.4585
1617,54.66,Bad,0.3878
1618,54.69,Bad,0.4794
1619,54.73,Good,0.6179
1620,54.76,Good,0.6405
1621,54.79,Good,0.7457
1622,54.83,Good,0.5936
1623,54.86,Bad,0.3773
1624,54.90,Good,0.5067
1625,54.93,Good,0.5902
1626,54.96,Good,0.6103
1627,55.00,Good,0.7119
1628,55.03,Good,0.7610
1629,55.06,Good,0.7339
1630,55.10,Good,0.7588
1631,55.13,Good,0.6089
1632,55.17,Good,0.7492
1633,55.20,Good,0.7112
1634,55.23,Good,0.6218
1635,55.27,Good,0.5665
1636,55.30,Bad,0.3443
1637,55.34,Bad,0.4885
1638,55.37,Good,0.6127
1639,55.40,Good,0.6774
1640,55.44,Good,0.8225
1641,55.47,Good,0.8211
1642,55.50,Good,0.7328
1643,55.54,Good,0.6468
1644,55.57,Good,0.6968
1645,55.61,Good,0.5698
1646,55.64,Good,0.6973
1647,55.67,Good,0.6341
1648,55.71,Good,0.6133
1649,55.74,Good,0.5334
1650,55.77,Good,0.5142
1651,55.81,Good,0.6471
1652,55.84,Good,0.7810
1653,55.88,Good,0.8545
1654,55.91,Good,0.8241
1655,55.94,Good,0.6994
1656,55.98,Bad,0.4057
1657,56.01,Good,0.6430
1658,56.05,Good,0.7529
1659,56.08,Good,0.7190
1660,56.11,Good,0.7211
1661,56.15,Good,0.6592
1662,56.18,Good,0.5806
1663,56.21,Good,0.6578
1664,56.25,Good,0.7252
1665,56.28,Good,0.6815
1666,56.32,Good,0.6874
1667,56.35,Good,0.7408
1668,56.38,Good,0.5793
1669,56.42,Bad,0.4339
1670,56.45,Good,0.5526
1671,56.48,Good,0.6233
1672,56.52,Good,0.6892
1673,56.55,Good,0.7153
1674,56.59,Good,0.6977
1675,56.62,Good,0.7121
1676,56.65,Good,0.8213
1677,56.69,Good,0.7237
1678,56.72,Good,0.6952
1679,56.75,Good,0.8051
1680,56.79,Good,0.5386
1681,56.82,Good,0.6149
1682,56.86,Good,0.6065
1683,56.89,Good,0.7248
1684,56.92,Good,0.7217
1685,56.96,Good,0.7061
1686,56.99,Good,0.6588
1687,57.03,Good,0.7053
1688,57.06,Good,0.6684
1689,57.09,Good,0.6188
1690,57.13,Good,0.6842
1691,57.16,Good,0.7861
1692,57.19,Good,0.7847
1693,57.23,Good,0.8241
1694,57.26,Good,0.7137
1695,57.30,Good,0.7074
1696,57.33,Good,0.7084
1697,57.36,Good,0.7468
1698,57.40,Good,0.6422
1699,57.43,Good,0.7858
1700,57.46,Good,0.7870
1701,57.50,Good,0.8375
1702,57.53,Good,0.8557
1703,57.57,Good,0.8547
1704,57.60,Good,0.8379
1705,57.63,Good,0.7631
1706,57.67,Good,0.6653
1707,57.70,Good,0.5959
1708,57.74,Good,0.6469
1709,57.77,Good,0.6611
1710,57.80,Good,0.6035
1711,57.84,Good,0.6061
1712,57.87,Good,0.5593
1713,57.90,Good,0.5819
1714,57.94,Good,0.5168
1715,57.97,Good,0.6007
1716,58.01,Good,0.6088
1717,58.04,Good,0.5975
1718,58.07,Good,0.6252
1719,58.11,Good,0.5422
1720,58.14,Good,0.5924
1721,58.17,Good,0.6159
1722,58.21,Good,0.6000
1723,58.24,Good,0.6432
1724,58.28,Good,0.6861
1725,58.31,Good,0.6964
1726,58.34,Good,0.8368
1727,58.38,Good,0.8289
1728,58.41,Good,0.7472
1729,58.45,Good,0.7818
1730,58.48,Good,0.8376
1731,58.51,Good,0.8500
1732,58.55,Good,0.7880
1733,58.58,Good,0.7135
1734,58.61,Good,0.7573
1735,58.65,Good,0.6506
1736,58.68,Good,0.5774
1737,58.72,Good,0.5263
1738,58.75,Good,0.8477
1739,58.78,Good,0.6399
1740,58.82,Good,0.8228
1741,58.85,Good,0.8853
1742,58.88,Good,0.9264
1743,58.92,Good,0.9487
1744,58.95,Good,0.8839
1745,58.99,Good,0.8493
1746,59.02,Good,0.8287
1747,59.05,Good,0.8192
1748,59.09,Good,0.8533
1749,59.12,Good,0.8446
1750,59.15,Good,0.8837
1751,59.19,Good,0.8665
1752,59.22,Good,0.8632
1753,59.26,Good,0.9110
1754,59.29,Good,0.9049
1755,59.32,Good,0.9314
1756,59.36,Good,0.9426
1757,59.39,Good,0.9332
1758,59.43,Good,0.9410
1759,59.46,Good,0.9446
1760,59.49,Good,0.9306
1761,59.53,Good,0.9175
1762,59.56,Good,0.9354
1763,59.59,Good,0.9264
1764,59.63,Good,0.8642
1765,59.66,Good,0.8853
1766,59.70,Good,0.8298
1767,59.73,Good,0.7964
1768,59.76,Good,0.8638
1769,59.80,Good,0.7439
1770,59.83,Good,0.7623
1771,59.86,Good,0.7732
1772,59.90,Good,0.7687
1773,59.93,Good,0.8735
1774,59.97,Good,0.8906
1775,60.00,Good,0.8875
1776,60.03,Good,0.9139
1777,60.07,Good,0.9012
1778,60.10,Good,0.9304
1779,60.14,Good,0.9416
1780,60.17,Good,0.8950
1781,60.20,Good,0.9479
1782,60.24,Good,0.9484
1783,60.27,Good,0.9324
1784,60.30,Good,0.9485
1785,60.34,Good,0.9228
1786,60.37,Good,0.8922
1787,60.41,Good,0.9058
1788,60.44,Good,0.9400
1789,60.47,Good,0.9573
1790,60.51,Good,0.9489
1791,60.54,Good,0.9432
1792,60.57,Good,0.9420
1793,60.61,Good,0.9633
1794,60.64,Good,0.9695
1795,60.68,Good,0.9502
1796,60.71,Good,0.9412
1797,60.74,Good,0.9311
1798,60.78,Good,0.9155
1799,60.81,Good,0.9246
1800,60.85,Good,0.9267
1801,60.88,Good,0.9267
1802,60.91,Good,0.9037
1803,60.95,Good,0.8794
1804,60.98,Good,0.9238
1805,61.01,Good,0.9291
1806,61.05,Good,0.8969
1807,61.08,Good,0.9081
1808,61.12,Good,0.8762
1809,61.15,Good,0.9029
1810,61.18,Good,0.9277
1811,61.22,Good,0.9323
1812,61.25,Good,0.9554
1813,61.28,Good,0.9522
1814,61.32,Good,0.9545
1815,61.35,Good,0.9579
1816,61.39,Good,0.9460
1817,61.42,Good,0.9516
1818,61.45,Good,0.9418
1819,61.49,Good,0.9426
1820,61.52,Good,0.9284
1821,61.55,Good,0.9381
1822,61.59,Good,0.9058
1823,61.62,Good,0.9282
1824,61.66,Good,0.9262
1825,61.69,Good,0.8912
1826,61.72,Good,0.8355
1827,61.76,Good,0.8898
1828,61.79,Good,0.8641
1829,61.83,Good,0.9037
1830,61.86,Good,0.9230
1831,61.89,Good,0.9502
1832,61.93,Good,0.9431
1833,61.96,Good,0.9421
1834,61.99,Good,0.9262
1835,62.03,Good,0.8965
1836,62.06,Good,0.9292
1837,62.10,Good,0.9170
1838,62.13,Good,0.8804
1839,62.16,Good,0.9021
1840,62.20,Good,0.9344
1841,62.23,Good,0.9238
1842,62.26,Good,0.9264
1843,62.30,Good,0.9221
1844,62.33,Good,0.8909
1845,62.37,Good,0.8480
1846,62.40,Good,0.8796
1847,62.43,Good,0.8884
1848,62.47,Good,0.9210
1849,62.50,Good,0.9056
1850,62.54,Good,0.9003
1851,62.57,Good,0.8560
1852,62.60,Good,0.8931
1853,62.64,Good,0.8222
1854,62.67,Good,0.8209
1855,62.70,Good,0.7168
1856,62.74,Good,0.7517
1857,62.77,Good,0.8183
1858,62.81,Good,0.8260
1859,62.84,Good,0.8033
1860,62.87,Good,0.8632
1861,62.91,Good,0.8238
1862,62.94,Good,0.8110
1863,62.97,Good,0.8058
1864,63.01,Good,0.8060
1865,63.04,Good,0.8384
1866,63.08,Good,0.8427
1867,63.11,Good,0.8023
1868,63.14,Good,0.8057
1869,63.18,Good,0.8166
1870,63.21,Good,0.8103
1871,63.25,Good,0.8673
1872,63.28,Good,0.8548
1873,63.31,Good,0.8264
1874,63.35,Good,0.7893
1875,63.38,Good,0.8870
1876,63.41,Good,0.8565
1877,63.45,Good,0.8789
1878,63.48,Good,0.8939
1879,63.52,Good,0.9119
1880,63.55,Good,0.9185
1881,63.58,Good,0.9126
1882,63.62,Good,0.9229
1883,63.65,Good,0.9058
1884,63.68,Good,0.8283
1885,63.72,Good,0.8607
1886,63.75,Good,0.8672
1887,63.79,Good,0.8490
1888,63.82,Good,0.7749
1889,63.85,Good,0.7684
1890,63.89,Good,0.7890
1891,63.92,Good,0.8657
1892,63.95,Good,0.8522
1893,63.99,Good,0.8274
1894,64.02,Good,0.8717
1895,64.06,Good,0.8824
1896,64.09,Good,0.9239
1897,64.12,Good,0.9313
1898,64.16,Good,0.9256
1899,64.19,Good,0.9212
1900,64.23,Good,0.9259
1901,64.26,Good,0.9288
1902,64.29,Good,0.9401
1903,64.33,Good,0.9334
1904,64.36,Good,0.9280
1905,64.39,Good,0.8784
1906,64.43,Good,0.8955
1907,64.46,Good,0.8389
1908,64.50,Good,0.8707
1909,64.53,Good,0.8271
1910,64.56,Good,0.8723
1911,64.60,Good,0.8837
1912,64.63,Good,0.9105
1913,64.66,Good,0.8977
1914,64.70,Good,0.8902
1915,64.73,Good,0.8914
1916,64.77,Good,0.8783
1917,64.80,Good,0.8963
1918,64.83,Good,0.9277
1919,64.87,Good,0.9215
1920,64.90,Good,0.9017
1921,64.94,Good,0.9078
1922,64.97,Good,0.9104
1923,65.00,Good,0.9223
1924,65.04,Good,0.9369
1925,65.07,Good,0.8725
1926,65.10,Good,0.9107
1927,65.14,Good,0.9273
1928,65.17,Good,0.9430
1929,65.21,Good,0.9435
1930,65.24,Good,0.9275
1931,65.27,Good,0.9506
1932,65.31,Good,0.9402
1933,65.34,Good,0.9366
1934,65.37,Good,0.9463
1935,65.41,Good,0.9283
1936,65.44,Good,0.9218
1937,65.48,Good,0.9072
1938,65.51,Good,0.9225
1939,65.54,Good,0.9626
1940,65.58,Good,0.9608
1941,65.61,Good,0.9539
1942,65.65,Good,0.9123
1943,65.68,Good,0.9528
1944,65.71,Good,0.9566
1945,65.75,Good,0.9515
1946,65.78,Good,0.9585
1947,65.81,Good,0.9292
1948,65.85,Good,0.9419
1949,65.88,Good,0.9441
1950,65.92,Good,0.9255
1951,65.95,Good,0.9041
1952,65.98,Good,0.9171
1953,66.02,Good,0.9434
1954,66.05,Good,0.9144
1955,66.08,Good,0.9135
1956,66.12,Good,0.9522
1957,66.15,Good,0.9537
1958,66.19,Good,0.9514
1959,66.22,Good,0.9348
1960,66.25,Good,0.9114
1961,66.29,Good,0.9329
1962,66.32,Good,0.9324
1963,66.35,Good,0.9434
1964,66.39,Good,0.9498
1965,66.42,Good,0.9571
1966,66.46,Good,0.9540
1967,66.49,Good,0.9612
1968,66.52,Good,0.9517
1969,66.56,Good,0.9570
1970,66.59,Good,0.9584
1971,66.63,Good,0.9576
1972,66.66,Good,0.9566
1973,66.69,Good,0.9703
1974,66.73,Good,0.9637
1975,66.76,Good,0.9684
1976,66.79,Good,0.9650
1977,66.83,Good,0.9158
1978,66.86,Good,0.9511
1979,66.90,Good,0.9535
1980,66.93,Good,0.9592
1981,66.96,Good,0.9572
1982,67.00,Good,0.9447
1983,67.03,Good,0.9492
1984,67.06,Good,0.8985
1985,67.10,Good,0.9205
1986,67.13,Good,0.9139
1987,67.17,Good,0.9097
1988,67.20,Good,0.8894
1989,67.23,Good,0.9192
1990,67.27,Good,0.9085
1991,67.30,Good,0.9308
1992,67.34,Good,0.8871
1993,67.37,Good,0.9010
1994,67.40,Good,0.8846
1995,67.44,Good,0.9097
1996,67.47,Good,0.8923
1997,67.50,Good,0.9221
1998,67.54,Good,0.9574
1999,67.57,Good,0.9444
2000,67.61,Good,0.9405
2001,67.64,Good,0.8808
2002,67.67,Good,0.9388
2003,67.71,Good,0.9145
2004,67.74,Good,0.8964
2005,67.77,Good,0.9397
2006,67.81,Good,0.9466
2007,67.84,Good,0.9402
2008,67.88,Good,0.9075
2009,67.91,Good,0.9215
2010,67.94,Good,0.9280
2011,67.98,Good,0.8970
2012,68.01,Good,0.9088
2013,68.05,Good,0.9467
2014,68.08,Good,0.9377
2015,68.11,Good,0.8871
2016,68.15,Good,0.7749
2017,68.18,Good,0.7689
2018,68.21,Good,0.8685
2019,68.25,Good,0.8484
2020,68.28,Good,0.9101
2021,68.32,Good,0.9024
2022,68.35,Good,0.9219
2023,68.38,Good,0.9179
2024,68.42,Good,0.8568
2025,68.45,Good,0.8777
2026,68.48,Good,0.8223
2027,68.52,Good,0.8953
2028,68.55,Good,0.6741
2029,68.59,Good,0.6512
2030,68.62,Good,0.6814
2031,68.65,Good,0.6643
2032,68.69,Good,0.6570
2033,68.72,Good,0.9100
2034,68.75,Good,0.7196
2035,68.79,Good,0.8467
2036,68.82,Good,0.8313
2037,68.86,Good,0.8423
2038,68.89,Good,0.8249
2039,68.92,Good,0.8426
2040,68.96,Good,0.9264
2041,68.99,Good,0.8853
2042,69.03,Good,0.8297
2043,69.06,Good,0.8654
2044,69.09,Good,0.8984
2045,69.13,Good,0.8534
2046,69.16,Good,0.8481
2047,69.19,Good,0.8598
2048,69.23,Good,0.7122
2049,69.26,Good,0.6615
2050,69.30,Good,0.6594
2051,69.33,Good,0.5991
2052,69.36,Bad,0.3512
2053,69.40,Bad,0.2869
2054,69.43,Bad,0.4561
2055,69.46,Bad,0.4991
2056,69.50,Bad,0.2157
2057,69.53,Bad,0.3012
2058,69.57,Bad,0.4484
2059,69.60,Good,0.7541
2060,69.63,Good,0.5620
2061,69.67,Good,0.6707
2062,69.70,Good,0.5422
2063,69.74,Bad,0.4456
2064,69.77,Good,0.7010
2065,69.80,Good,0.8148
2066,69.84,Good,0.8271
2067,69.87,Good,0.7208
2068,69.90,Good,0.6679
2069,69.94,Good,0.7148
2070,69.97,Good,0.5888
2071,70.01,Good,0.5737
2072,70.04,Good,0.7258
2073,70.07,Good,0.5881
2074,70.11,Good,0.6810
2075,70.14,Good,0.5107
2076,70.17,Bad,0.4468
2077,70.21,Good,0.5558
2078,70.24,Bad,0.4523
2079,70.28,Bad,0.4869
2080,70.31,Bad,0.4369
2081,70.34,Bad,0.4143
2082,70.38,Bad,0.4684
2083,70.41,Good,0.5759
2084,70.45,Good,0.5688
2085,70.48,Good,0.5729
2086,70.51,Bad,0.4744
2087,70.55,Good,0.5445
2088,70.58,Good,0.6126
2089,70.61,Good,0.6347
2090,70.65,Good,0.6471
2091,70.68,Good,0.5449
2092,70.72,Good,0.5655
2093,70.75,Good,0.6563
2094,70.78,Good,0.6270
2095,70.82,Good,0.6473
2096,70.85,Good,0.5961
2097,70.88,Good,0.6256
2098,70.92,Good,0.7285
2099,70.95,Good,0.7592
2100,70.99,Good,0.7248
2101,71.02,Good,0.7786
2102,71.05,Good,0.7761
2103,71.09,Good,0.8130
2104,71.12,Good,0.7573
2105,71.15,Good,0.7388
2106,71.19,Good,0.8350
2107,71.22,Good,0.8093
2108,71.26,Good,0.8233
2109,71.29,Good,0.7802
2110,71.32,Good,0.7897
2111,71.36,Good,0.7723
2112,71.39,Good,0.8896
2113,71.43,Good,0.8589
2114,71.46,Good,0.7084
2115,71.49,Good,0.6783
2116,71.53,Good,0.8166
2117,71.56,Good,0.6686
2118,71.59,Good,0.5745
2119,71.63,Good,0.5055
2120,71.66,Good,0.6164
2121,71.70,Good,0.7170
2122,71.73,Good,0.6920
2123,71.76,Good,0.7573
2124,71.80,Good,0.7056
2125,71.83,Good,0.7155
2126,71.86,Good,0.7080
2127,71.90,Good,0.7217
2128,71.93,Good,0.8292
2129,71.97,Good,0.7091
2130,72.00,Good,0.7551
2131,72.03,Good,0.7439
2132,72.07,Good,0.6559
2133,72.10,Good,0.5471
2134,72.14,Good,0.5929
2135,72.17,Good,0.5219
2136,72.20,Bad,0.4625
2137,72.24,Bad,0.4412
2138,72.27,Bad,0.4777
2139,72.30,Good,0.5585
2140,72.34,Bad,0.4676
2141,72.37,Good,0.5074
2142,72.41,Good,0.5464
2143,72.44,Good,0.5068
2144,72.47,Bad,0.3943
2145,72.51,Bad,0.4172
2146,72.54,Good,0.6385
2147,72.57,Good,0.5759
2148,72.61,Bad,0.4594
2149,72.64,Bad,0.4961
2150,72.68,Good,0.5854
2151,72.71,Bad,0.4684
2152,72.74,Good,0.5414
2153,72.78,Good,0.5012
2154,72.81,Good,0.5264
2155,72.85,Good,0.5758
2156,72.88,Good,0.5976
2157,72.91,Good,0.5505
2158,72.95,Good,0.6824
2159,72.98,Good,0.6563
2160,73.01,Bad,0.4659
2161,73.05,Bad,0.4577
2162,73.08,Bad,0.4775
2163,73.12,Bad,0.4373
2164,73.15,Good,0.5310
2165,73.18,Bad,0.3682
2166,73.22,Bad,0.4421
2167,73.25,Bad,0.4897
2168,73.28,Good,0.5671
2169,73.32,Bad,0.4297
2170,73.35,Bad,0.3904
2171,73.39,Bad,0.3948
2172,73.42,Bad,0.2705
2173,73.45,Bad,0.2417
2174,73.49,Bad,0.2344
2175,73.52,Bad,0.1644
2176,73.55,Bad,0.1392
2177,73.59,Bad,0.1823
2178,73.62,Bad,0.1876
2179,73.66,Bad,0.1746
2180,73.69,Bad,0.1638
2181,73.72,Bad,0.1113
2182,73.76,Bad,0.1020
2183,73.79,Bad,0.1023
2184,73.83,Bad,0.0925
2185,73.86,Bad,0.0815
2186,73.89,Bad,0.0970
2187,73.93,Bad,0.0965
2188,73.96,Bad,0.0938
2189,73.99,Bad,0.0870
2190,74.03,Bad,0.0998
2191,74.06,Bad,0.1053
2192,74.10,Bad,0.0921
2193,74.13,Bad,0.0983
2194,74.16,Bad,0.1222
2195,74.20,Bad,0.1114
2196,74.23,Bad,0.0716
2197,74.26,Bad,0.0829
2198,74.30,Bad,0.1221
2199,74.33,Bad,0.1127
2200,74.37,Bad,0.1592
2201,74.40,Bad,0.2087
2202,74.43,Bad,0.2348
2203,74.47,Bad,0.1827
2204,74.50,Bad,0.2105
2205,74.54,Bad,0.2201
2206,74.57,Bad,0.2231
2207,74.60,Bad,0.2522
2208,74.64,Bad,0.1628
2209,74.67,Bad,0.1769
2210,74.70,Bad,0.1566
2211,74.74,Bad,0.1757
2212,74.77,Bad,0.1595
2213,74.81,Bad,0.2034
2214,74.84,Bad,0.1565
2215,74.87,Bad,0.1950
2216,74.91,Bad,0.1687
2217,74.94,Bad,0.2326
2218,74.97,Bad,0.2811
2219,75.01,Bad,0.2710
2220,75.04,Good,0.7582
2221,75.08,Good,0.6409
2222,75.11,Good,0.8160
2223,75.14,Good,0.6272
2224,75.18,Good,0.5760
2225,75.21,Good,0.7807
2226,75.25,Good,0.8468
2227,75.28,Good,0.8166
2228,75.31,Good,0.9182
2229,75.35,Good,0.8567
2230,75.38,Good,0.8528
2231,75.41,Good,0.9052
2232,75.45,Good,0.9149
2233,75.48,Good,0.8676
2234,75.52,Good,0.5924
2235,75.55,Good,0.6514
2236,75.58,Good,0.7549
2237,75.62,Good,0.7589
2238,75.65,Good,0.8315
2239,75.68,Good,0.6937
2240,75.72,Good,0.8316
2241,75.75,Good,0.6831
2242,75.79,Good,0.8563
2243,75.82,Good,0.8689
2244,75.85,Good,0.8629
2245,75.89,Good,0.8653
2246,75.92,Good,0.7998
2247,75.95,Good,0.7458
2248,75.99,Good,0.7907
2249,76.02,Good,0.8626
2250,76.06,Good,0.8851
2251,76.09,Good,0.9416
2252,76.12,Good,0.9142
2253,76.16,Good,0.8754
2254,76.19,Good,0.8923
2255,76.23,Good,0.9181
2256,76.26,Good,0.8382
2257,76.29,Good,0.9106
2258,76.33,Good,0.9010
2259,76.36,Good,0.7438
2260,76.39,Good,0.8930
2261,76.43,Good,0.8687
2262,76.46,Good,0.8515
2263,76.50,Good,0.9368
2264,76.53,Good,0.9402
2265,76.56,Good,0.8770
2266,76.60,Good,0.8104
2267,76.63,Good,0.8653
2268,76.66,Good,0.9385
2269,76.70,Good,0.8790
2270,76.73,Good,0.8385
2271,76.77,Good,0.8440
2272,76.80,Good,0.8919
2273,76.83,Good,0.9101
2274,76.87,Good,0.9253
2275,76.90,Good,0.9250
2276,76.94,Good,0.9302
2277,76.97,Good,0.9015
2278,77.00,Good,0.8974
2279,77.04,Good,0.8923
2280,77.07,Good,0.8510
2281,77.10,Good,0.8646
2282,77.14,Good,0.9149
2283,77.17,Good,0.9326
2284,77.21,Good,0.8803
2285,77.24,Good,0.8702
2286,77.27,Good,0.8647
2287,77.31,Good,0.8893
2288,77.34,Good,0.8795
2289,77.37,Good,0.8646
2290,77.41,Good,0.8908
2291,77.44,Good,0.9295
2292,77.48,Good,0.9141
2293,77.51,Good,0.9172
2294,77.54,Good,0.8938
2295,77.58,Good,0.8900
2296,77.61,Good,0.8883
2297,77.65,Good,0.9094
2298,77.68,Good,0.9163
2299,77.71,Good,0.9252
2300,77.75,Good,0.9331
2301,77.78,Good,0.9403
2302,77.81,Good,0.9291
2303,77.85,Good,0.9349
2304,77.88,Good,0.9226
2305,77.92,Good,0.9202
2306,77.95,Good,0.8994
2307,77.98,Good,0.8865
2308,78.02,Good,0.8928
2309,78.05,Good,0.8898
2310,78.08,Good,0.8870
2311,78.12,Good,0.9056
2312,78.15,Good,0.9092
2313,78.19,Good,0.9199
2314,78.22,Good,0.9192
2315,78.25,Good,0.9259
2316,78.29,Good,0.9396
2317,78.32,Good,0.9518
2318,78.35,Good,0.9379
2319,78.39,Good,0.9372
2320,78.42,Good,0.9324
2321,78.46,Good,0.9411
2322,78.49,Good,0.9283
2323,78.52,Good,0.9204
2324,78.56,Good,0.9143
2325,78.59,Good,0.9373
2326,78.63,Good,0.9152
2327,78.66,Good,0.9215
2328,78.69,Good,0.9158
2329,78.73,Good,0.9116
2330,78.76,Good,0.9237
2331,78.79,Good,0.9080
2332,78.83,Good,0.9265
2333,78.86,Good,0.9141
2334,78.90,Good,0.8849
2335,78.93,Good,0.8492
2336,78.96,Good,0.8551
2337,79.00,Good,0.8179
2338,79.03,Good,0.8267
2339,79.06,Good,0.8367
2340,79.10,Good,0.7963
2341,79.13,Good,0.8495
2342,79.17,Good,0.8257
2343,79.20,Good,0.7907
2344,79.23,Good,0.8380
2345,79.27,Good,0.8613
2346,79.30,Good,0.8003
2347,79.34,Good,0.7797
2348,79.37,Good,0.7669
2349,79.40,Good,0.7242
2350,79.44,Good,0.7074
2351,79.47,Good,0.7955
2352,79.50,Good,0.7482
2353,79.54,Good,0.7944
2354,79.57,Good,0.8690
2355,79.61,Good,0.8157
2356,79.64,Good,0.8744
2357,79.67,Good,0.8621
2358,79.71,Good,0.7450
2359,79.74,Good,0.6651
2360,79.77,Good,0.7309
2361,79.81,Good,0.7709
2362,79.84,Good,0.8976
2363,79.88,Good,0.9335
2364,79.91,Good,0.9245
2365,79.94,Good,0.8979
2366,79.98,Good,0.8953
2367,80.01,Good,0.8920
2368,80.05,Good,0.9121
2369,80.08,Good,0.9314
2370,80.11,Good,0.9153
2371,80.15,Good,0.9156
2372,80.18,Good,0.9028
2373,80.21,Good,0.8961
2374,80.25,Good,0.9090
2375,80.28,Good,0.9063
2376,80.32,Good,0.9169
2377,80.35,Good,0.9124
2378,80.38,Good,0.9029
2379,80.42,Good,0.8286
2380,80.45,Good,0.8281
2381,80.48,Good,0.7994
2382,80.52,Good,0.8969
2383,80.55,Good,0.8564
2384,80.59,Good,0.8634
2385,80.62,Good,0.8648
2386,80.65,Good,0.8161
2387,80.69,Good,0.8419
2388,80.72,Good,0.8234
2389,80.75,Good,0.8184
2390,80.79,Good,0.8200
2391,80.82,Good,0.8895
2392,80.86,Good,0.8681
2393,80.89,Good,0.9028
2394,80.92,Good,0.8954
2395,80.96,Good,0.8440
2396,80.99,Good,0.8779
2397,81.03,Good,0.8763
2398,81.06,Good,0.8629
2399,81.09,Good,0.8377
2400,81.13,Good,0.7584
2401,81.16,Good,0.5438
2402,81.19,Good,0.6936
2403,81.23,Good,0.6253
2404,81.26,Good,0.6154
2405,81.30,Good,0.7292
2406,81.33,Good,0.8914
2407,81.36,Good,0.8984
2408,81.40,Good,0.8214
2409,81.43,Good,0.8074
2410,81.46,Good,0.7125
2411,81.50,Good,0.6622
2412,81.53,Good,0.5484
2413,81.57,Good,0.5987
2414,81.60,Good,0.6590
2415,81.63,Good,0.5205
2416,81.67,Good,0.5104
2417,81.70,Good,0.5066
2418,81.74,Bad,0.3459
2419,81.77,Good,0.5197
2420,81.80,Bad,0.4392
2421,81.84,Bad,0.4442
2422,81.87,Good,0.6530
2423,81.90,Good,0.5308
2424,81.94,Good,0.6943
2425,81.97,Good,0.8029
2426,82.01,Good,0.8050
2427,82.04,Bad,0.3054
2428,82.07,Good,0.6111
2429,82.11,Good,0.5940
2430,82.14,Good,0.7344
2431,82.17,Good,0.7042
2432,82.21,Good,0.5965
2433,82.24,Good,0.8932
2434,82.28,Good,0.8236
2435,82.31,Good,0.7749
2436,82.34,Good,0.8207
2437,82.38,Good,0.7486
2438,82.41,Good,0.8806
2439,82.45,Good,0.8572
2440,82.48,Good,0.8133
2441,82.51,Good,0.8572
2442,82.55,Good,0.8780
2443,82.58,Good,0.8173
2444,82.61,Good,0.8745
2445,82.65,Good,0.8003
2446,82.68,Good,0.8329
2447,82.72,Good,0.7931
2448,82.75,Good,0.7965
2449,82.78,Good,0.8436
2450,82.82,Good,0.7031
2451,82.85,Good,0.5678
2452,82.88,Good,0.5632
2453,82.92,Good,0.5591
2454,82.95,Good,0.6695
2455,82.99,Good,0.6164
2456,83.02,Good,0.7679
2457,83.05,Good,0.7821
2458,83.09,Good,0.5709
2459,83.12,Good,0.5177
2460,83.15,Good,0.7693
2461,83.19,Good,0.7868
2462,83.22,Good,0.7648
2463,83.26,Good,0.6885
2464,83.29,Good,0.6973
2465,83.32,Good,0.7460
2466,83.36,Good,0.7995
2467,83.39,Good,0.7384
2468,83.43,Good,0.6976
2469,83.46,Good,0.6695
2470,83.49,Good,0.7693
2471,83.53,Good,0.7335
2472,83.56,Good,0.6727
2473,83.59,Good,0.8125
2474,83.63,Good,0.8577
2475,83.66,Good,0.5356
2476,83.70,Bad,0.4500
2477,83.73,Good,0.5156
2478,83.76,Good,0.7176
2479,83.80,Good,0.5387
2480,83.83,Bad,0.4837
2481,83.86,Good,0.5195
2482,83.90,Bad,0.4078
2483,83.93,Good,0.5301
2484,83.97,Good,0.6888
2485,84.00,Bad,0.4913
2486,84.03,Bad,0.4804
2487,84.07,Good,0.5383
2488,84.10,Good,0.5071
2489,84.14,Good,0.5235
2490,84.17,Bad,0.4548
2491,84.20,Bad,0.4947
2492,84.24,Bad,0.3641
2493,84.27,Bad,0.3700
2494,84.30,Bad,0.4697
2495,84.34,Bad,0.4277
2496,84.37,Good,0.7490
2497,84.41,Good,0.6859
2498,84.44,Good,0.6315
2499,84.47,Bad,0.3720
2500,84.51,Bad,0.2124
2501,84.54,Bad,0.3283
2502,84.57,Bad,0.1446
2503,84.61,Bad,0.2779
2504,84.64,Bad,0.1271
2505,84.68,Bad,0.1186
2506,84.71,Bad,0.1427
2507,84.74,Bad,0.0741
2508,84.78,Bad,0.3104
2509,84.81,Good,0.5831
2510,84.85,Good,0.5262
2511,84.88,Bad,0.2702
2512,84.91,Bad,0.3686
2513,84.95,Bad,0.2850
2514,84.98,Good,0.5692
2515,85.01,Bad,0.2948
2516,85.05,Bad,0.2588
2517,85.08,Bad,0.4786
2518,85.12,Bad,0.3448
2519,85.15,Bad,0.2680
2520,85.18,Bad,0.2225
2521,85.22,Bad,0.2164
2522,85.25,Bad,0.2309
2523,85.28,Bad,0.1929
2524,85.32,Bad,0.2127
2525,85.35,Bad,0.3815
2526,85.39,Bad,0.2127
2527,85.42,Bad,0.2166
2528,85.45,Bad,0.2117
2529,85.49,Bad,0.2058
2530,85.52,Bad,0.2081
2531,85.55,Bad,0.2000
2532,85.59,Bad,0.1262
2533,85.62,Bad,0.0968
2534,85.66,Bad,0.0611
2535,85.69,Bad,0.0686
2536,85.72,Bad,0.1276
2537,85.76,Bad,0.0983
2538,85.79,Bad,0.0772
2539,85.83,Bad,0.0303
2540,85.86,Bad,0.1467
2541,85.89,Bad,0.1916
2542,85.93,Bad,0.2591
2543,85.96,Bad,0.3139
2544,85.99,Bad,0.3450
2545,86.03,Bad,0.1288
2546,86.06,Bad,0.1600
2547,86.10,Bad,0.1816
2548,86.13,Bad,0.2769
2549,86.16,Bad,0.1175
2550,86.20,Bad,0.0759
2551,86.23,Bad,0.2175
2552,86.26,Bad,0.2690
2553,86.30,Bad,0.1456
2554,86.33,Bad,0.2359
2555,86.37,Bad,0.3034
2556,86.40,Bad,0.4152
2557,86.43,Bad,0.2841
2558,86.47,Bad,0.1821
2559,86.50,Bad,0.4884
2560,86.54,Good,0.5836
2561,86.57,Bad,0.4080
2562,86.60,Bad,0.4441
2563,86.64,Bad,0.4084
2564,86.67,Good,0.5394
2565,86.70,Good,0.5350
2566,86.74,Bad,0.3625
2567,86.77,Bad,0.2893
2568,86.81,Bad,0.3537
2569,86.84,Bad,0.3009
2570,86.87,Bad,0.3972
2571,86.91,Bad,0.4040
2572,86.94,Bad,0.4398
2573,86.97,Bad,0.4724
2574,87.01,Bad,0.4501
2575,87.04,Bad,0.3862
2576,87.08,Good,0.5013
2577,87.11,Good,0.5124
2578,87.14,Good,0.5258
2579,87.18,Good,0.6241
2580,87.21,Good,0.5743
2581,87.25,Good,0.6256
2582,87.28,Good,0.6170
2583,87.31,Good,0.5228
2584,87.35,Good,0.5681
2585,87.38,Good,0.6688
2586,87.41,Good,0.6558
2587,87.45,Good,0.6784
2588,87.48,Good,0.6620
2589,87.52,Good,0.7715
2590,87.55,Good,0.8145
2591,87.58,Good,0.8023
2592,87.62,Good,0.6398
2593,87.65,Good,0.5624
2594,87.68,Good,0.6020
2595,87.72,Good,0.5458
2596,87.75,Good,0.5509
2597,87.79,Good,0.6806
2598,87.82,Good,0.6436
2599,87.85,Good,0.6702
2600,87.89,Good,0.7104
2601,87.92,Good,0.7761
2602,87.95,Good,0.7425
2603,87.99,Good,0.6752
2604,88.02,Good,0.8281
2605,88.06,Good,0.7975
2606,88.09,Good,0.7057
2607,88.12,Good,0.7619
2608,88.16,Good,0.7723
2609,88.19,Good,0.7552
2610,88.23,Good,0.8234
2611,88.26,Good,0.8592
2612,88.29,Good,0.8204
2613,88.33,Good,0.7602
2614,88.36,Good,0.8416
2615,88.39,Good,0.8163
2616,88.43,Good,0.6894
2617,88.46,Good,0.9078
2618,88.50,Good,0.9240
2619,88.53,Good,0.8354
2620,88.56,Good,0.8341
2621,88.60,Good,0.8076
2622,88.63,Good,0.7625
2623,88.66,Good,0.8508
2624,88.70,Good,0.9247
2625,88.73,Good,0.8745
2626,88.77,Good,0.8756
2627,88.80,Good,0.8722
2628,88.83,Good,0.8846
2629,88.87,Good,0.8471
2630,88.90,Good,0.8697
2631,88.94,Good,0.7909
2632,88.97,Good,0.8767
2633,89.00,Good,0.8445
2634,89.04,Good,0.8682
2635,89.07,Good,0.8697
2636,89.10,Good,0.8659
2637,89.14,Good,0.8754
2638,89.17,Good,0.8554
2639,89.21,Good,0.8679
2640,89.24,Good,0.8291
2641,89.27,Good,0.7507
2642,89.31,Good,0.7421
2643,89.34,Good,0.8394
2644,89.37,Good,0.8683
2645,89.41,Good,0.7873
2646,89.44,Good,0.8590
2647,89.48,Good,0.8485
2648,89.51,Good,0.8038
2649,89.54,Good,0.8600
2650,89.58,Good,0.7960
2651,89.61,Good,0.8002
2652,89.65,Good,0.8473
2653,89.68,Good,0.6879
2654,89.71,Good,0.6820
2655,89.75,Good,0.7179
2656,89.78,Good,0.7136
2657,89.81,Good,0.7062
2658,89.85,Good,0.6301
2659,89.88,Good,0.6908
2660,89.92,Good,0.7319
2661,89.95,Good,0.7876
2662,89.98,Good,0.6710
2663,90.02,Good,0.5500
2664,90.05,Good,0.7665
2665,90.08,Good,0.7678
2666,90.12,Good,0.8069
2667,90.15,Good,0.8245
2668,90.19,Good,0.8231
2669,90.22,Good,0.8084
2670,90.25,Good,0.7682
2671,90.29,Good,0.8117
2672,90.32,Good,0.7226
2673,90.35,Good,0.6532
2674,90.39,Good,0.5372
2675,90.42,Good,0.5961
2676,90.46,Good,0.7749
2677,90.49,Good,0.7940
2678,90.52,Good,0.6822
2679,90.56,Bad,0.4896
2680,90.59,Good,0.7271
2681,90.63,Good,0.7269
2682,90.66,Bad,0.4951
2683,90.69,Bad,0.4042
2684,90.73,Bad,0.4460
2685,90.76,Good,0.5527
2686,90.79,Bad,0.4117
2687,90.83,Bad,0.3867
2688,90.86,Bad,0.3510
2689,90.90,Bad,0.3573
2690,90.93,Bad,0.2017
2691,90.96,Bad,0.2496
2692,91.00,Bad,0.3427
2693,91.03,Bad,0.3151
2694,91.06,Bad,0.2911
2695,91.10,Bad,0.4297
2696,91.13,Bad,0.3943
2697,91.17,Bad,0.3753
2698,91.20,Good,0.5916
2699,91.23,Bad,0.3658
2700,91.27,Bad,0.4025
2701,91.30,Bad,0.3277
2702,91.34,Bad,0.3285
2703,91.37,Bad,0.3759
2704,91.40,Bad,0.4742
2705,91.44,Bad,0.4937
2706,91.47,Good,0.5247
2707,91.50,Good,0.5924
2708,91.54,Good,0.7060
2709,91.57,Good,0.6728
2710,91.61,Good,0.6381
2711,91.64,Good,0.5422
2712,91.67,Bad,0.4495
2713,91.71,Good,0.7843
2714,91.74,Good,0.6483
2715,91.77,Good,0.5945
2716,91.81,Good,0.7484
2717,91.84,Good,0.6979
2718,91.88,Good,0.6946
2719,91.91,Good,0.6430
2720,91.94,Good,0.6380
2721,91.98,Good,0.7038
2722,92.01,Good,0.7272
2723,92.05,Good,0.6321
2724,92.08,Good,0.7498
2725,92.11,Good,0.5416
2726,92.15,Good,0.5575
2727,92.18,Good,0.5207
2728,92.21,Good,0.5731
2729,92.25,Good,0.5969
2730,92.28,Good,0.5956
2731,92.32,Good,0.5191
2732,92.35,Good,0.5311
2733,92.38,Good,0.5084
2734,92.42,Bad,0.4162
2735,92.45,Bad,0.3330
2736,92.48,Bad,0.4168
2737,92.52,Bad,0.3789
2738,92.55,Bad,0.3169
2739,92.59,Bad,0.4829
2740,92.62,Good,0.6232
2741,92.65,Bad,0.4693
2742,92.69,Bad,0.4713
2743,92.72,Bad,0.4131
2744,92.75,Bad,0.2986
2745,92.79,Good,0.5159
2746,92.82,Bad,0.4072
2747,92.86,Good,0.6128
2748,92.89,Bad,0.4894
2749,92.92,Bad,0.3829
2750,92.96,Bad,0.4166
2751,92.99,Bad,0.3710
2752,93.03,Bad,0.2161
2753,93.06,Bad,0.2189
2754,93.09,Bad,0.2417
2755,93.13,Bad,0.3123
2756,93.16,Bad,0.1832
2757,93.19,Bad,0.2238
2758,93.23,Bad,0.4083
2759,93.26,Bad,0.3912
2760,93.30,Good,0.5047
2761,93.33,Good,0.5851
2762,93.36,Good,0.5056
2763,93.40,Good,0.5620
2764,93.43,Bad,0.3966
2765,93.46,Bad,0.3596
2766,93.50,Bad,0.3009
2767,93.53,Bad,0.3551
2768,93.57,Good,0.5016
2769,93.60,Good,0.5337
2770,93.63,Bad,0.3712
2771,93.67,Bad,0.3829
2772,93.70,Bad,0.4374
2773,93.74,Bad,0.2909
2774,93.77,Bad,0.3138
2775,93.80,Bad,0.3032
2776,93.84,Bad,0.2307
2777,93.87,Bad,0.3789
2778,93.90,Bad,0.2311
2779,93.94,Bad,0.1245
2780,93.97,Bad,0.2881
2781,94.01,Bad,0.2025
2782,94.04,Bad,0.2383
2783,94.07,Bad,0.3907
2784,94.11,Bad,0.1572
2785,94.14,Bad,0.1102
2786,94.17,Bad,0.1179
2787,94.21,Bad,0.0649
2788,94.24,Bad,0.1434
2789,94.28,Bad,0.2340
2790,94.31,Bad,0.2911
2791,94.34,Bad,0.2633
2792,94.38,Bad,0.3830
2793,94.41,Bad,0.4508
2794,94.45,Bad,0.4805
2795,94.48,Good,0.5148
2796,94.51,Good,0.7451
2797,94.55,Good,0.7847
2798,94.58,Good,0.8067
2799,94.61,Good,0.8207
2800,94.65,Good,0.8784
2801,94.68,Good,0.8719
2802,94.72,Good,0.8279
2803,94.75,Good,0.8741
2804,94.78,Good,0.7393
2805,94.82,Good,0.7456
2806,94.85,Good,0.8129
2807,94.88,Good,0.7864
2808,94.92,Good,0.8121
2809,94.95,Good,0.9005
2810,94.99,Good,0.9085
2811,95.02,Good,0.8871
2812,95.05,Good,0.7773
2813,95.09,Good,0.8161
2814,95.12,Good,0.6932
2815,95.15,Good,0.8024
2816,95.19,Good,0.8510
2817,95.22,Good,0.8632
2818,95.26,Good,0.8743
2819,95.29,Good,0.8466
2820,95.32,Good,0.8279
2821,95.36,Good,0.8187
2822,95.39,Good,0.8116
2823,95.43,Good,0.9012
2824,95.46,Good,0.8589
2825,95.49,Good,0.8242
2826,95.53,Good,0.8348
2827,95.56,Good,0.8822
2828,95.59,Good,0.8817
2829,95.63,Good,0.8570
2830,95.66,Good,0.8956
2831,95.70,Good,0.8381
2832,95.73,Good,0.7757
2833,95.76,Good,0.7639
2834,95.80,Good,0.8201
2835,95.83,Good,0.7424
2836,95.86,Good,0.8123
2837,95.90,Good,0.8264
2838,95.93,Good,0.8831
2839,95.97,Good,0.8461
2840,96.00,Good,0.8815
2841,96.03,Good,0.7649
2842,96.07,Good,0.8214
2843,96.10,Bad,0.4826
2844,96.14,Good,0.6190
2845,96.17,Good,0.5508
2846,96.20,Good,0.6383
2847,96.24,Good,0.7894
2848,96.27,Good,0.7056
2849,96.30,Bad,0.4694
2850,96.34,Bad,0.4942
2851,96.37,Good,0.6978
2852,96.41,Good,0.7476
2853,96.44,Good,0.6312
2854,96.47,Good,0.5760
2855,96.51,Good,0.6347
2856,96.54,Bad,0.3361
2857,96.57,Good,0.5955
2858,96.61,Good,0.5385
2859,96.64,Good,0.6379
2860,96.68,Good,0.6638
2861,96.71,Good,0.7336
2862,96.74,Good,0.6162
2863,96.78,Good,0.5682
2864,96.81,Bad,0.4220
2865,96.85,Bad,0.4625
2866,96.88,Good,0.8052
2867,96.91,Good,0.7777
2868,96.95,Good,0.8337
2869,96.98,Good,0.6368
2870,97.01,Bad,0.4622
2871,97.05,Good,0.6396
2872,97.08,Good,0.6554
2873,97.12,Good,0.7749
2874,97.15,Good,0.7465
2875,97.18,Good,0.7463
2876,97.22,Good,0.8290
2877,97.25,Good,0.7584
2878,97.28,Good,0.5851
2879,97.32,Good,0.7359
2880,97.35,Good,0.8394
2881,97.39,Good,0.8180
2882,97.42,Good,0.5959
2883,97.45,Good,0.7887
2884,97.49,Good,0.7109
2885,97.52,Good,0.6770
2886,97.55,Good,0.8339
2887,97.59,Good,0.8546
2888,97.62,Good,0.8514
2889,97.66,Good,0.8663
2890,97.69,Good,0.6675
2891,97.72,Bad,0.4838
2892,97.76,Good,0.8984
2893,97.79,Good,0.8966
2894,97.83,Good,0.8751
2895,97.86,Good,0.8858
2896,97.89,Good,0.9087
2897,97.93,Good,0.9189
2898,97.96,Good,0.9039
2899,97.99,Good,0.8859
2900,98.03,Good,0.8754
2901,98.06,Good,0.9104
2902,98.10,Good,0.9017
2903,98.13,Good,0.9206
2904,98.16,Good,0.8867
2905,98.20,Good,0.5801
2906,98.23,Good,0.7092
2907,98.26,Good,0.8603
2908,98.30,Good,0.8909
2909,98.33,Good,0.8852
2910,98.37,Good,0.8791
2911,98.40,Good,0.8673
2912,98.43,Good,0.7931
2913,98.47,Good,0.7854
2914,98.50,Good,0.8385
2915,98.54,Good,0.8580
2916,98.57,Good,0.5647
2917,98.60,Good,0.6007
2918,98.64,Bad,0.4347
2919,98.67,Good,0.6266
2920,98.70,Bad,0.3918
2921,98.74,Good,0.5090
2922,98.77,Bad,0.3019
2923,98.81,Good,0.5374
2924,98.84,Bad,0.2065
2925,98.87,Bad,0.1996
2926,98.91,Bad,0.1125
2927,98.94,Bad,0.1087
2928,98.97,Bad,0.1264
2929,99.01,Bad,0.0850
2930,99.04,Bad,0.0792
2931,99.08,Bad,0.1049
2932,99.11,Bad,0.1737
2933,99.14,Bad,0.2378
2934,99.18,Bad,0.1650
2935,99.21,Bad,0.1700
2936,99.25,Bad,0.1705
2937,99.28,Bad,0.1099
2938,99.31,Bad,0.1344
2939,99.35,Bad,0.0906
2940,99.38,Bad,0.0620
2941,99.41,Bad,0.0615
2942,99.45,Bad,0.0459
2943,99.48,Bad,0.0455
2944,99.52,Bad,0.0623
2945,99.55,Bad,0.0592
2946,99.58,Bad,0.0914
2947,99.62,Bad,0.1295
2948,99.65,Bad,0.0990
2949,99.68,Bad,0.1265
2950,99.72,Bad,0.1561
2951,99.75,Bad,0.0999
2952,99.79,Bad,0.1817
2953,99.82,Bad,0.2599
2954,99.85,Bad,0.2087
2955,99.89,Bad,0.3274
2956,99.92,Bad,0.3803
2957,99.95,Bad,0.3786
2958,99.99,Good,0.5369
2959,100.02,Good,0.5548
2960,100.06,Good,0.5720
2961,100.09,Good,0.5572
2962,100.12,Good,0.5025
2963,100.16,Good,0.5015
2964,100.19,Bad,0.0863
2965,100.23,Bad,0.0952
2966,100.26,Bad,0.1406
2967,100.29,Bad,0.2728
2968,100.33,Bad,0.1485
2969,100.36,Bad,0.2346
2970,100.39,Bad,0.3046
2971,100.43,Bad,0.2870
2972,100.46,Bad,0.0786
2973,100.50,Bad,0.1028
2974,100.53,Bad,0.0768
2975,100.56,Bad,0.0666
2976,100.60,Bad,0.0381
2977,100.63,Good,0.7892
2978,100.66,Good,0.7100
2979,100.70,Good,0.7496
2980,100.73,Good,0.7200
2981,100.77,Good,0.6289
2982,100.80,Good,0.6691
2983,100.83,Good,0.6370
2984,100.87,Good,0.6454
2985,100.90,Good,0.7037
2986,100.94,Good,0.7083
2987,100.97,Good,0.6433
2988,101.00,Good,0.6040
2989,101.04,Good,0.6952
2990,101.07,Good,0.6255
2991,101.10,Good,0.7117
2992,101.14,Good,0.6990
2993,101.17,Good,0.7312
2994,101.21,Good,0.5355
2995,101.24,Good,0.6522
2996,101.27,Good,0.5061
2997,101.31,Good,0.5519
2998,101.34,Good,0.5653
2999,101.37,Good,0.5423
3000,101.41,Good,0.5661
3001,101.44,Bad,0.3208
3002,101.48,Bad,0.4246
3003,101.51,Bad,0.2710
3004,101.54,Bad,0.4426
3005,101.58,Bad,0.2663
3006,101.61,Bad,0.3732
3007,101.65,Good,0.5504
3008,101.68,Bad,0.4707
3009,101.71,Good,0.5078
3010,101.75,Bad,0.4622
3011,101.78,Good,0.6028
3012,101.81,Good,0.5582
3013,101.85,Good,0.6795
3014,101.88,Good,0.6640
3015,101.92,Good,0.7077
3016,101.95,Good,0.8442
3017,101.98,Good,0.7823
3018,102.02,Good,0.8299
3019,102.05,Good,0.8654
3020,102.08,Good,0.8389
3021,102.12,Good,0.7770
3022,102.15,Good,0.6686
3023,102.19,Bad,0.2226
3024,102.22,Bad,0.2149
3025,102.25,Bad,0.3684
3026,102.29,Bad,0.4041
3027,102.32,Bad,0.3080
3028,102.35,Good,0.5925
3029,102.39,Good,0.7211
3030,102.42,Good,0.8106
3031,102.46,Good,0.8193
3032,102.49,Good,0.8684
3033,102.52,Good,0.8349
3034,102.56,Good,0.8570
3035,102.59,Good,0.8558
3036,102.63,Good,0.8379
3037,102.66,Good,0.8475
3038,102.69,Good,0.8333
3039,102.73,Good,0.7417
3040,102.76,Good,0.6320
3041,102.79,Bad,0.4937
3042,102.83,Good,0.6646
3043,102.86,Good,0.7799
3044,102.90,Good,0.7716
3045,102.93,Good,0.7312
3046,102.96,Good,0.7752
3047,103.00,Good,0.6067
3048,103.03,Good,0.6775
3049,103.06,Good,0.7068
3050,103.10,Bad,0.4774
3051,103.13,Bad,0.4872
3052,103.17,Good,0.5534
3053,103.20,Bad,0.4136
3054,103.23,Bad,0.4459
3055,103.27,Good,0.6266
3056,103.30,Bad,0.4683
3057,103.34,Good,0.5686
3058,103.37,Good,0.6948
3059,103.40,Good,0.6661
3060,103.44,Good,0.7297
3061,103.47,Good,0.6349
3062,103.50,Bad,0.4309
3063,103.54,Good,0.6180
3064,103.57,Good,0.6479
3065,103.61,Bad,0.4659
3066,103.64,Good,0.5920
3067,103.67,Good,0.5051
3068,103.71,Good,0.5504
3069,103.74,Good,0.5633
3070,103.77,Good,0.5558
3071,103.81,Good,0.6106
3072,103.84,Good,0.6327
3073,103.88,Good,0.7553
3074,103.91,Good,0.7919
3075,103.94,Good,0.7961
3076,103.98,Good,0.6383
3077,104.01,Good,0.7358
3078,104.05,Good,0.7012
3079,104.08,Good,0.6791
3080,104.11,Good,0.7667
3081,104.15,Good,0.7148
3082,104.18,Good,0.7519
3083,104.21,Good,0.7309
3084,104.25,Good,0.5934
3085,104.28,Good,0.6786
3086,104.32,Good,0.7147
3087,104.35,Good,0.7529
3088,104.38,Good,0.7210
3089,104.42,Good,0.6666
3090,104.45,Good,0.7388
3091,104.48,Good,0.7380
3092,104.52,Good,0.6600
3093,104.55,Good,0.6299
3094,104.59,Good,0.6126
3095,104.62,Good,0.6106
3096,104.65,Good,0.6304
3097,104.69,Good,0.5225
3098,104.72,Bad,0.4524
3099,104.75,Bad,0.4610
3100,104.79,Good,0.5575
3101,104.82,Good,0.5877
3102,104.86,Good,0.5767
3103,104.89,Good,0.6291
3104,104.92,Good,0.6104
3105,104.96,Bad,0.3635
3106,104.99,Bad,0.3577
3107,105.03,Good,0.5175
3108,105.06,Bad,0.3716
3109,105.09,Bad,0.4337
3110,105.13,Good,0.6902
3111,105.16,Good,0.7150
3112,105.19,Good,0.7326
3113,105.23,Good,0.7033
3114,105.26,Good,0.6542
3115,105.30,Good,0.7848
3116,105.33,Good,0.8174
3117,105.36,Good,0.8483
3118,105.40,Good,0.8401
3119,105.43,Good,0.7791
3120,105.46,Good,0.6960
3121,105.50,Good,0.6116
3122,105.53,Good,0.7354
3123,105.57,Good,0.8664
3124,105.60,Good,0.8331
3125,105.63,Good,0.8551
3126,105.67,Good,0.9194
3127,105.70,Good,0.9249
3128,105.74,Good,0.9172
3129,105.77,Good,0.9373
3130,105.80,Good,0.8550
3131,105.84,Good,0.8746
3132,105.87,Good,0.9175
3133,105.90,Good,0.8974
3134,105.94,Good,0.8986
3135,105.97,Good,0.8613
3136,106.01,Good,0.9029
3137,106.04,Good,0.8770
3138,106.07,Good,0.8702
3139,106.11,Good,0.8622
3140,106.14,Good,0.7887
3141,106.17,Good,0.8021
3142,106.21,Good,0.8625
3143,106.24,Good,0.8922
3144,106.28,Good,0.9042
3145,106.31,Good,0.8008
3146,106.34,Good,0.9161
3147,106.38,Good,0.8665
3148,106.41,Good,0.8973
3149,106.45,Good,0.9275
3150,106.48,Good,0.9142
3151,106.51,Good,0.8902
3152,106.55,Good,0.9208
3153,106.58,Good,0.9236
3154,106.61,Good,0.9371
3155,106.65,Good,0.9364
3156,106.68,Good,0.9264
3157,106.72,Good,0.9485
3158,106.75,Good,0.9517
3159,106.78,Good,0.9636
3160,106.82,Good,0.9451
3161,106.85,Good,0.9499
3162,106.88,Good,0.9447
3163,106.92,Good,0.9510
3164,106.95,Good,0.9601
3165,106.99,Good,0.9615
3166,107.02,Good,0.9653
3167,107.05,Good,0.9734
3168,107.09,Good,0.9780
3169,107.12,Good,0.9805
3170,107.15,Good,0.9843
3171,107.19,Good,0.9805
3172,107.22,Good,0.9791
3173,107.26,Good,0.9760
3174,107.29,Good,0.9798
3175,107.32,Good,0.9791
3176,107.36,Good,0.9825
3177,107.39,Good,0.9860
3178,107.43,Good,0.9850
3179,107.46,Good,0.9798
3180,107.49,Good,0.9775
3181,107.53,Good,0.9686
3182,107.56,Good,0.9545
3183,107.59,Good,0.9510
3184,107.63,Good,0.9395
3185,107.66,Good,0.9530
3186,107.70,Good,0.9381
3187,107.73,Good,0.9593
3188,107.76,Good,0.9604
3189,107.80,Good,0.9458
3190,107.83,Good,0.9485
3191,107.86,Good,0.9481
3192,107.90,Good,0.9503
3193,107.93,Good,0.9414
3194,107.97,Good,0.9225
3195,108.00,Good,0.9013
3196,108.03,Good,0.9183
3197,108.07,Good,0.9084
3198,108.10,Good,0.8810
3199,108.14,Good,0.9010
3200,108.17,Good,0.8701
3201,108.20,Good,0.9001
3202,108.24,Good,0.8992
3203,108.27,Good,0.9020
3204,108.30,Good,0.8996
3205,108.34,Good,0.8993
3206,108.37,Good,0.9017
3207,108.41,Good,0.8729
3208,108.44,Good,0.8906
3209,108.47,Good,0.9370
3210,108.51,Good,0.9217
3211,108.54,Good,0.9000
3212,108.57,Good,0.8705
3213,108.61,Good,0.8703
3214,108.64,Good,0.8793
3215,108.68,Good,0.9004
3216,108.71,Good,0.8611
3217,108.74,Good,0.9284
3218,108.78,Good,0.9211
3219,108.81,Good,0.8993
3220,108.85,Good,0.9045
3221,108.88,Good,0.8478
3222,108.91,Good,0.8184
3223,108.95,Good,0.8574
3224,108.98,Good,0.9110
3225,109.01,Good,0.9135
3226,109.05,Good,0.9371
3227,109.08,Good,0.9389
3228,109.12,Good,0.9289
3229,109.15,Good,0.9303
3230,109.18,Good,0.9173
3231,109.22,Good,0.9025
3232,109.25,Good,0.9210
3233,109.28,Good,0.9277
3234,109.32,Good,0.9338
3235,109.35,Good,0.9412
3236,109.39,Good,0.9382
3237,109.42,Good,0.9183
3238,109.45,Good,0.9094
3239,109.49,Good,0.9029
3240,109.52,Good,0.9135
3241,109.55,Good,0.9506
3242,109.59,Good,0.9192
3243,109.62,Good,0.8751
3244,109.66,Good,0.8576
3245,109.69,Good,0.9055
3246,109.72,Good,0.9161
3247,109.76,Good,0.9002
3248,109.79,Good,0.8605
3249,109.83,Good,0.8840
3250,109.86,Good,0.8976
3251,109.89,Good,0.8535
3252,109.93,Good,0.8733
3253,109.96,Good,0.8825
3254,109.99,Good,0.8751
3255,110.03,Good,0.8629
3256,110.06,Good,0.8335
3257,110.10,Good,0.8552
3258,110.13,Good,0.8663
3259,110.16,Good,0.8700
3260,110.20,Good,0.8903
3261,110.23,Good,0.9055
3262,110.26,Good,0.9061
3263,110.30,Good,0.8368
3264,110.33,Good,0.7912
3265,110.37,Good,0.8585
3266,110.40,Good,0.8691
3267,110.43,Good,0.8548
3268,110.47,Good,0.8535
3269,110.50,Good,0.8147
3270,110.54,Good,0.7605
3271,110.57,Good,0.8163
3272,110.60,Good,0.8713
3273,110.64,Good,0.8412
3274,110.67,Good,0.8833
3275,110.70,Good,0.8814
3276,110.74,Good,0.8715
3277,110.77,Good,0.9405
3278,110.81,Good,0.9231
3279,110.84,Good,0.9158
3280,110.87,Good,0.8971
3281,110.91,Good,0.8831
3282,110.94,Good,0.8670
3283,110.97,Good,0.8898
3284,111.01,Good,0.8938
3285,111.04,Good,0.9019
3286,111.08,Good,0.9075
3287,111.11,Good,0.9340
3288,111.14,Good,0.9124
3289,111.18,Good,0.9361
3290,111.21,Good,0.9368
3291,111.25,Good,0.9419
3292,111.28,Good,0.9270
3293,111.31,Good,0.9215
3294,111.35,Good,0.9341
3295,111.38,Good,0.9334
3296,111.41,Good,0.9340
3297,111.45,Good,0.9369
3298,111.48,Good,0.9323
3299,111.52,Good,0.9341
3300,111.55,Good,0.9148
3301,111.58,Good,0.9641
3302,111.62,Good,0.9641
3303,111.65,Good,0.9646
3304,111.68,Good,0.9494
3305,111.72,Good,0.9565
3306,111.75,Good,0.9497
3307,111.79,Good,0.9305
3308,111.82,Good,0.9256
3309,111.85,Good,0.8992
3310,111.89,Good,0.8987
3311,111.92,Good,0.9000
3312,111.95,Good,0.9030
3313,111.99,Good,0.9508
3314,112.02,Good,0.9543
3315,112.06,Good,0.9311
3316,112.09,Good,0.9525
3317,112.12,Good,0.9393
3318,112.16,Good,0.9499
3319,112.19,Good,0.9427
3320,112.23,Good,0.9397
3321,112.26,Good,0.9370
3322,112.29,Good,0.9405
3323,112.33,Good,0.9236
3324,112.36,Good,0.9384
3325,112.39,Good,0.9301
3326,112.43,Good,0.9271
3327,112.46,Good,0.9390
3328,112.50,Good,0.9460
3329,112.53,Good,0.9545
3330,112.56,Good,0.9488
3331,112.60,Good,0.9052
3332,112.63,Good,0.9319
3333,112.66,Good,0.9245
3334,112.70,Good,0.9020
3335,112.73,Good,0.9420
3336,112.77,Good,0.9462
3337,112.80,Good,0.9333
3338,112.83,Good,0.9397
3339,112.87,Good,0.9313
3340,112.90,Good,0.9250
3341,112.94,Good,0.9274
3342,112.97,Good,0.9457
3343,113.00,Good,0.8825
3344,113.04,Good,0.9240
3345,113.07,Good,0.9271
3346,113.10,Good,0.9027
3347,113.14,Good,0.8937
3348,113.17,Good,0.9325
3349,113.21,Good,0.9494
3350,113.24,Good,0.9522
3351,113.27,Good,0.9649
3352,113.31,Good,0.9492
3353,113.34,Good,0.9517
3354,113.37,Good,0.9613
3355,113.41,Good,0.9578
3356,113.44,Good,0.9399
3357,113.48,Good,0.9379
3358,113.51,Good,0.9422
3359,113.54,Good,0.9127
3360,113.58,Good,0.9367
3361,113.61,Good,0.9270
3362,113.65,Good,0.9540
3363,113.68,Good,0.9627
3364,113.71,Good,0.9693
3365,113.75,Good,0.9662
3366,113.78,Good,0.9699
3367,113.81,Good,0.9819
3368,113.85,Good,0.9742
3369,113.88,Good,0.9574
3370,113.92,Good,0.9271
3371,113.95,Good,0.9321
3372,113.98,Good,0.9676
3373,114.02,Good,0.9650
3374,114.05,Good,0.9690
3375,114.08,Good,0.9777
3376,114.12,Good,0.9761
3377,114.15,Good,0.9591
3378,114.19,Good,0.9689
3379,114.22,Good,0.9463
3380,114.25,Good,0.9630
3381,114.29,Good,0.9578
3382,114.32,Good,0.9397
3383,114.35,Good,0.9400
3384,114.39,Good,0.9365
3385,114.42,Good,0.9614
3386,114.46,Good,0.9671
3387,114.49,Good,0.9567
3388,114.52,Good,0.9457
3389,114.56,Good,0.9498
3390,114.59,Good,0.9301
3391,114.63,Good,0.9406
3392,114.66,Good,0.9404
3393,114.69,Good,0.9650
3394,114.73,Good,0.9556
3395,114.76,Good,0.9277
3396,114.79,Good,0.9198
3397,114.83,Good,0.9586
3398,114.86,Good,0.9644
3399,114.90,Good,0.9583
3400,114.93,Good,0.9525
3401,114.96,Good,0.9443
3402,115.00,Good,0.9184
3403,115.03,Good,0.9402
3404,115.06,Good,0.9495
3405,115.10,Good,0.9562
3406,115.13,Good,0.9424
3407,115.17,Good,0.9452
3408,115.20,Good,0.9294
3409,115.23,Good,0.9595
3410,115.27,Good,0.9529
3411,115.30,Good,0.9480
3412,115.34,Good,0.9305
3413,115.37,Good,0.9423
3414,115.40,Good,0.9296
3415,115.44,Good,0.9426
3416,115.47,Good,0.9472
3417,115.50,Good,0.9515
3418,115.54,Good,0.9577
3419,115.57,Good,0.9524
3420,115.61,Good,0.9415
3421,115.64,Good,0.9403
3422,115.67,Good,0.9144
3423,115.71,Good,0.9040
3424,115.74,Good,0.9100
3425,115.77,Good,0.8915
3426,115.81,Good,0.8930
3427,115.84,Good,0.9302
3428,115.88,Good,0.9061
3429,115.91,Good,0.9187
3430,115.94,Good,0.8984
3431,115.98,Good,0.9209
3432,116.01,Good,0.9080
3433,116.05,Good,0.9261
3434,116.08,Good,0.8745
3435,116.11,Good,0.8815
3436,116.15,Good,0.8614
3437,116.18,Good,0.8658
3438,116.21,Good,0.9043
3439,116.25,Good,0.9075
3440,116.28,Good,0.9144
3441,116.32,Good,0.9271
3442,116.35,Good,0.9115
3443,116.38,Good,0.9213
3444,116.42,Good,0.9042
3445,116.45,Good,0.8909
3446,116.48,Good,0.8960
3447,116.52,Good,0.8852
3448,116.55,Good,0.8752
3449,116.59,Good,0.9011
3450,116.62,Good,0.8743
3451,116.65,Good,0.9006
3452,116.69,Good,0.8740
3453,116.72,Good,0.8953
3454,116.75,Good,0.9247
3455,116.79,Good,0.9374
3456,116.82,Good,0.9462
3457,116.86,Good,0.9377
3458,116.89,Good,0.9256
3459,116.92,Good,0.9162
3460,116.96,Good,0.9060
3461,116.99,Good,0.8591
3462,117.03,Good,0.8567
3463,117.06,Good,0.8780
3464,117.09,Good,0.8720
3465,117.13,Good,0.8913
3466,117.16,Good,0.9015
3467,117.19,Good,0.8722
3468,117.23,Good,0.9166
3469,117.26,Good,0.9316
3470,117.30,Good,0.9046
3471,117.33,Good,0.8944
3472,117.36,Good,0.9035
3473,117.40,Good,0.8907
3474,117.43,Good,0.8979
3475,117.46,Good,0.8764
3476,117.50,Good,0.8660
3477,117.53,Good,0.8896
3478,117.57,Good,0.8726
3479,117.60,Good,0.8623
3480,117.63,Good,0.8893
3481,117.67,Good,0.9422
3482,117.70,Good,0.9407
3483,117.74,Good,0.9185
3484,117.77,Good,0.8895
3485,117.80,Good,0.7882
3486,117.84,Good,0.8041
3487,117.87,Good,0.6728
3488,117.90,Good,0.8427
3489,117.94,Good,0.8830
3490,117.97,Good,0.8856
3491,118.01,Good,0.8730
3492,118.04,Good,0.8931
3493,118.07,Good,0.8881
3494,118.11,Good,0.8678
3495,118.14,Good,0.8330
3496,118.17,Good,0.8296
3497,118.21,Good,0.9069
3498,118.24,Good,0.9112
3499,118.28,Good,0.8940
3500,118.31,Good,0.8866
3501,118.34,Good,0.8733
3502,118.38,Good,0.8390
3503,118.41,Good,0.7405
3504,118.45,Good,0.7914
3505,118.48,Good,0.8691
3506,118.51,Good,0.8880
3507,118.55,Good,0.8796
3508,118.58,Good,0.8528
3509,118.61,Good,0.8094
3510,118.65,Good,0.8716
3511,118.68,Good,0.8723
3512,118.72,Good,0.8943
3513,118.75,Good,0.9116
3514,118.78,Good,0.8573
3515,118.82,Good,0.8620
3516,118.85,Good,0.8493
3517,118.88,Good,0.9096
3518,118.92,Good,0.9267
3519,118.95,Good,0.9256
3520,118.99,Good,0.9294
3521,119.02,Good,0.9000
3522,119.05,Good,0.9181
3523,119.09,Good,0.9076
3524,119.12,Good,0.8805
3525,119.15,Good,0.9221
3526,119.19,Good,0.9196
3527,119.22,Good,0.8956
3528,119.26,Good,0.8893
3529,119.29,Good,0.8944
3530,119.32,Good,0.8871
3531,119.36,Good,0.8411
3532,119.39,Good,0.8552
3533,119.43,Good,0.9094
3534,119.46,Good,0.8558
3535,119.49,Good,0.8981
3536,119.53,Good,0.8712
3537,119.56,Good,0.8961
3538,119.59,Good,0.8439
3539,119.63,Good,0.8309
3540,119.66,Good,0.7979
3541,119.70,Good,0.8381
3542,119.73,Good,0.7871
3543,119.76,Good,0.8224
3544,119.80,Good,0.8268
3545,119.83,Good,0.8506
3546,119.86,Good,0.8349
3547,119.90,Good,0.8571
3548,119.93,Good,0.7994
3549,119.97,Good,0.7603
3550,120.00,Good,0.7655
3551,120.03,Bad,0.4992
3552,120.07,Good,0.6413
3553,120.10,Good,0.8569
3554,120.14,Good,0.8348
3555,120.17,Good,0.7665
3556,120.20,Good,0.8987
3557,120.24,Good,0.8503
3558,120.27,Good,0.8576
3559,120.30,Good,0.8904
3560,120.34,Good,0.8586
3561,120.37,Good,0.6518
3562,120.41,Good,0.8300
3563,120.44,Good,0.7775
3564,120.47,Good,0.6476
3565,120.51,Bad,0.4994
3566,120.54,Good,0.5449
3567,120.57,Good,0.5875
3568,120.61,Good,0.7404
3569,120.64,Good,0.6204
3570,120.68,Good,0.6864
3571,120.71,Good,0.7108
3572,120.74,Good,0.5881
3573,120.78,Good,0.6276
3574,120.81,Good,0.6636
3575,120.85,Good,0.7407
3576,120.88,Good,0.8243
3577,120.91,Good,0.8507
3578,120.95,Good,0.8360
3579,120.98,Good,0.7446
3580,121.01,Good,0.7985
3581,121.05,Good,0.7654
3582,121.08,Good,0.7911
3583,121.12,Good,0.7452
3584,121.15,Good,0.8792
3585,121.18,Good,0.8488
3586,121.22,Good,0.9300
3587,121.25,Good,0.9252
3588,121.28,Good,0.8924
3589,121.32,Good,0.8764
3590,121.35,Good,0.8894
3591,121.39,Good,0.8529
3592,121.42,Good,0.8871
3593,121.45,Good,0.8922
3594,121.49,Good,0.8044
3595,121.52,Good,0.7170
3596,121.55,Bad,0.4876
3597,121.59,Good,0.6530
3598,121.62,Good,0.9416
3599,121.66,Good,0.9245
3600,121.69,Good,0.9552
3601,121.72,Good,0.8308
3602,121.76,Good,0.7771
3603,121.79,Good,0.7840
3604,121.83,Good,0.7192
3605,121.86,Good,0.5380
3606,121.89,Good,0.7816
3607,121.93,Good,0.7074
3608,121.96,Good,0.6159
3609,121.99,Good,0.6715
3610,122.03,Good,0.5799
3611,122.06,Good,0.6669
3612,122.10,Good,0.7891
3613,122.13,Good,0.8612
3614,122.16,Good,0.7804
3615,122.20,Good,0.6954
3616,122.23,Good,0.6745
3617,122.26,Good,0.6719
3618,122.30,Good,0.6770
3619,122.33,Good,0.7889
3620,122.37,Good,0.8079
3621,122.40,Good,0.8125
3622,122.43,Good,0.7424
3623,122.47,Good,0.7718
3624,122.50,Good,0.8080
3625,122.54,Good,0.9051
3626,122.57,Good,0.9190
3627,122.60,Good,0.8997
3628,122.64,Good,0.8880
3629,122.67,Good,0.8936
3630,122.70,Good,0.8641
3631,122.74,Good,0.8737
3632,122.77,Good,0.8490
3633,122.81,Good,0.9073
3634,122.84,Good,0.9294
3635,122.87,Good,0.9193
3636,122.91,Good,0.9350
3637,122.94,Good,0.9442
3638,122.97,Good,0.9418
3639,123.01,Good,0.8440
3640,123.04,Good,0.9031
3641,123.08,Good,0.9231
3642,123.11,Good,0.9127
3643,123.14,Good,0.8160
3644,123.18,Good,0.8974
3645,123.21,Good,0.9153
3646,123.25,Good,0.9189
3647,123.28,Good,0.9026
3648,123.31,Good,0.9048
3649,123.35,Good,0.9052
3650,123.38,Good,0.8499
3651,123.41,Good,0.8785
3652,123.45,Good,0.6712
3653,123.48,Good,0.6012
3654,123.52,Good,0.5317
3655,123.55,Bad,0.4960
3656,123.58,Good,0.5369
3657,123.62,Good,0.7076
3658,123.65,Good,0.7800
3659,123.68,Good,0.7864
3660,123.72,Good,0.7477
3661,123.75,Bad,0.3936
3662,123.79,Bad,0.3934
3663,123.82,Good,0.5057
3664,123.85,Bad,0.3084
3665,123.89,Good,0.6489
3666,123.92,Bad,0.4288
3667,123.95,Good,0.5481
3668,123.99,Bad,0.4552
3669,124.02,Good,0.5496
3670,124.06,Bad,0.4260
3671,124.09,Good,0.5237
3672,124.12,Good,0.5713
3673,124.16,Good,0.6323
3674,124.19,Good,0.7465
3675,124.23,Good,0.6413
3676,124.26,Good,0.6251
3677,124.29,Good,0.8177
3678,124.33,Good,0.8261
3679,124.36,Good,0.8920
3680,124.39,Good,0.8160
3681,124.43,Good,0.6373
3682,124.46,Good,0.6416
3683,124.50,Good,0.8298
3684,124.53,Good,0.5848
